name,category,address,star,comment,naver_services,station,out,meter,lines,walking_time,price,cute,wide,corps,satisfaction,modern,ambience,visual,cozy,clean,service,exoticfood,exotictheme,classic,alone
스테이크 슈퍼,"스테이크,립",서울 마포구 독막로7길 62 1층 스테이크 슈퍼,4.92,,"네이버예약,네이버톡톡",합정역,3번,490,"2호선,6호선",6,0.04827205945,0.2661297384,0.3600384991,0.9544701206,0.859609091,0.1269438494,0.3174473235,0.4517299085,0.09011285639,0.4373364999,0.8645914756,0.6081275495,0.9406088062,0.8547809454,0.2694034334
육지,"육류,고기요리",서울 마포구 독막로3길 34,4.77,,,합정역,3번,301,"2호선,6호선",4,0.0527197166,0.7970186521,0.6838055182,0.5820654584,0.3739104982,0.5837286887,0.02667035671,0.8821697215,0.474501196,0.6734926813,0.930281846,0.8606046654,0.1661145141,0.8365929855,0.6559500176
바다회사랑2호점,생선회,서울 마포구 동교로 143,4.3,싱싱한 방어 먹으러 홍대 횟집,,홍대입구역,1번,535,"2호선,공항철도,경의중앙선",7,0.8771780896,0.6947471711,0.03503345427,0.5520994299,0.3886424091,0.1029850313,0.3476387025,0.9860432186,0.6757493123,0.8880107683,0.5366221388,0.4983848126,0.2036907691,0.522638355,0.4684689983
스페이스원 버거,햄버거,서울 마포구 와우산로21길 20-10 1층 스페이스원 수제버거,,,"네이버페이,네이버주문",홍대입구역,9번,479,"2호선,공항철도,경의중앙선",6,0.5367323218,0.01281077169,0.4385765286,0.5692567959,0.161805811,0.03935463838,0.06624781171,0.3314818743,0.3712168798,0.8914830358,0.09919657652,0.6914516041,0.6774627938,0.2615698113,0.8558206565
앤티크커피 연남점,"카페,디저트",서울 마포구 연희로 25-1 1층 앤티크커피,,,,홍대입구역,3번,384,"2호선,공항철도,경의중앙선",5,0.7588327177,0.6540423446,0.2122272235,0.8176501594,0.5857465661,0.7723938694,0.6157243923,0.7876814197,0.6937259129,0.01155444562,0.09265015404,0.887584971,0.6052364329,0.3198545123,0.6249734897
수택,"카페,디저트",서울 마포구 양화로7길 4-13 1층,,,,합정역,2번,109,"2호선,6호선",1,0.1449458615,0.6902592561,0.1453542163,0.8016180904,0.7353072044,0.8015904145,0.8253761789,0.7271338884,0.4380888388,0.7500826859,0.08311830577,0.01959345821,0.1892930195,0.1435504582,0.5401742723
티엔미미 홍대점,중식당,서울 마포구 양화로 144 4층(L),,,,홍대입구역,9번,93,"2호선,공항철도,경의중앙선",1,0.4104729409,0.7098803742,0.6514327593,0.5470694883,0.6053812157,0.6139353174,0.2690084907,0.9835486181,0.5945080096,0.6728445841,0.6808577274,0.07387011018,0.3927184794,0.2105819733,0.4872411799
우와,일식당,서울 마포구 와우산로21길 21-16 2층,4.45,,,홍대입구역,9번,628,"2호선,공항철도,경의중앙선",8,0.6990190792,0.673294825,0.6641200682,0.2049340367,0.2535015885,0.03616993361,0.2015105602,0.9233169522,0.7972934942,0.3164025436,0.4619313834,0.4454673074,0.9250742323,0.5003680266,0.9785837273
야키토리 나루토,"일식튀김,꼬치",서울 마포구 독막로9길 26 지1층 야키토리 나루토,4.89,오마카세 59초 안에 먹는 야키토리 맛집,네이버예약,상수역,1번,443,6호선,6,0.4205774,0.3444353872,0.4123154238,0.3879299899,0.1440013688,0.5692131652,0.7056161889,0.1379808892,0.2887172939,0.05590831592,0.5632281987,0.2989293088,0.7209350799,0.3450064108,0.2459626106
연남취향,양식,서울 마포구 연희로1길 36,,,,홍대입구역,3번,320,"2호선,공항철도,경의중앙선",4,0.8060361176,0.8931373082,0.2513437954,0.2114558876,0.8212696932,0.9748232326,0.171686473,0.6818522392,0.5173520125,0.7694556568,0.5885336639,0.00006040921282,0.3618911783,0.1812928232,0.1910758227
우동 카덴,"우동,소바",서울 마포구 양화로7안길 2-1,4.24,맛있는 정호영 쉐프가 운영하는 합정역 우동,,합정역,2번,128,"2호선,6호선",2,0.02081112185,0.8624390165,0.8246414105,0.0003921842663,0.08696212085,0.6957170516,0.9483981748,0.7174931971,0.00806571658,0.3392999944,0.03967092023,0.5780722613,0.1068139228,0.4678882598,0.9224381752
오퍼 카페,"카페,디저트",서울 마포구 홍익로5길 19 오퍼베이커리카페,,,,홍대입구역,9번,306,"2호선,공항철도,경의중앙선",4,0.6989482109,0.7842786435,0.6922046895,0.8011473894,0.7228240297,0.1741439221,0.292837928,0.9236252584,0.8596261692,0.7940730798,0.05160015536,0.617324648,0.7657654937,0.7699475316,0.9127578838
츠케루,일본식라면,서울 마포구 와우산로23길 9 1층 102호,4.63,일본보다 츠케멘 맛있는 라멘집,,홍대입구역,9번,338,"2호선,공항철도,경의중앙선",4,0.641919479,0.6713721393,0.9496435714,0.9756471671,0.2912849481,0.3591559566,0.7091853742,0.7861193864,0.2461656999,0.4172337716,0.05500338232,0.9325565069,0.7150528058,0.7477982047,0.06530399642
피오니,케이크전문,서울 마포구 독막로7길 51,4.43,홍대 딸기생크림 케이크 하면 생각나는 곳,,합정역,3번,452,"2호선,6호선",6,0.5200952584,0.9780680148,0.4788855809,0.9461467041,0.94513534,0.6919124474,0.2042800084,0.229540786,0.6134767058,0.6315550075,0.1716155258,0.3311397017,0.1249725217,0.3537574459,0.8814231292
옥동식,국밥,서울 마포구 양화로7길 44-10,4.44,,,합정역,2번,304,"2호선,6호선",4,0.2472687131,0.8404569524,0.7941383503,0.7936416735,0.8905459193,0.9141095167,0.1906572489,0.1425756619,0.9535472739,0.2895596044,0.4359410329,0.01345969543,0.2700061178,0.3915736458,0.1545347277
트라이브 홍대점,"카페,디저트",서울 마포구 어울마당로 100-12 지1층,,,,홍대입구역,9번,385,"2호선,공항철도,경의중앙선",5,0.7513919361,0.2175919653,0.789846541,0.9618824155,0.8748704098,0.8487953324,0.5892742417,0.02032528445,0.6120652677,0.8169013098,0.1861746826,0.1584849379,0.7475133382,0.1268982475,0.7377861497
산더미불고기,"육류,고기요리",서울 마포구 어울마당로 47,4.67,홍대 산처럼 쌓인 불고기 맛집,"네이버예약,배달,네이버톡톡",상수역,1번,370,6호선,5,0.9952748257,0.3788171403,0.6042633929,0.982980213,0.4756028283,0.3807323375,0.8122970193,0.5538266121,0.6167073203,0.1536935767,0.4965545841,0.4401170013,0.4108828215,0.4979906668,0.1330531431
쿠시노주방,이자카야,서울 마포구 동교로 218-1 지하1층 쿠시노주방,4.4,,,홍대입구역,3번,239,"2호선,공항철도,경의중앙선",3,0.351409288,0.5744012887,0.8766278154,0.3786527483,0.3248821994,0.1905036212,0.04657127274,0.3667383825,0.4120966621,0.3430547508,0.6199865985,0.01770551204,0.5022397934,0.2208462268,0.216018913
스아게,카레,서울 마포구 와우산로29라길 7 1층,4.61,,,홍대입구역,7번,227,"2호선,공항철도,경의중앙선",3,0.7475281659,0.4047909732,0.1932569283,0.7836436107,0.5014489826,0.8136511675,0.9945269454,0.4982258675,0.2067170274,0.9549296003,0.8464685761,0.1337132304,0.3502785206,0.9409985683,0.5584076131
아벨롭,카페,서울 마포구 양화로15안길 6 Avelop,,,,홍대입구역,1번,468,"2호선,공항철도,경의중앙선",6,0.3895830434,0.8068728786,0.890897942,0.03764462195,0.9069086319,0.3623751143,0.7311695699,0.03613295383,0.06515297054,0.6302446624,0.6786632827,0.9524695702,0.1643496306,0.5381861704,0.5343329752
청록양식,"스파게티,파스타전문",서울 마포구 동교로 220-7 1층 청록양식,4.76,,네이버예약,홍대입구역,3번,172,"2호선,공항철도,경의중앙선",2,0.8882003697,0.7406758563,0.9915145494,0.9108813427,0.8088608974,0.2493685325,0.3725939045,0.7460664691,0.6890181948,0.4977394707,0.05533782162,0.2863484548,0.1480183918,0.9031752757,0.3461547557
로쏘 1924 나폴리 화덕피자 홍대점,피자,서울 마포구 홍익로 29 1층 로쏘 1924 나폴리 화덕피자,4.68,공수한 재료로 만든 홍대화덕피자 홍대피자,"네이버페이,네이버예약,네이버주문,배달,네이버톡톡,쿠폰",홍대입구역,9번,203,"2호선,공항철도,경의중앙선",3,0.4666388864,0.2114878081,0.7994113977,0.5339676727,0.5489546418,0.4223294868,0.4979989635,0.9539536813,0.6761736755,0.2481172576,0.8424922048,0.6118420481,0.7830806632,0.1436711343,0.8982410638
사쿠라테이엔 합정점,이자카야,서울 마포구 독막로7길 27 1층,4.85,,"네이버예약,네이버톡톡",상수역,1번,535,6호선,7,0.3806359424,0.5978468495,0.3443056698,0.582771687,0.6955163943,0.3856257762,0.2736776595,0.2200487064,0.2458666414,0.2024074284,0.2419227228,0.3492323143,0.1140586037,0.9545254067,0.7723734148
빌리프커피로스터스,"카페,디저트",서울 마포구 양화로11길 50 1층,4.4,무한도전 빅뱅촬영카페 분위기 좋고 커피,배달,합정역,2번,237,"2호선,6호선",3,0.9516774701,0.5400665067,0.03065292538,0.5530645533,0.06998671037,0.044738391,0.2527155573,0.8639467886,0.8847182271,0.6728919236,0.234358765,0.9266042538,0.7085678299,0.2121655357,0.3077145764
육몽 홍대본점,"육류,고기요리",서울 마포구 양화로16길 19 1-3층,4.73,,"네이버예약,네이버톡톡",홍대입구역,9번,470,"2호선,공항철도,경의중앙선",6,0.6903285083,0.007049141972,0.2232063699,0.3640687661,0.1938433589,0.5186039376,0.6147183684,0.3899292259,0.1828761594,0.174463559,0.2415824707,0.9851735901,0.349726224,0.1936795037,0.8278347011
졸리연남,"스파게티,파스타전문",서울 마포구 연희로1길 52 가동 101호 졸리연남,4.48,,"네이버예약,네이버톡톡",홍대입구역,3번,397,"2호선,공항철도,경의중앙선",5,0.3519636922,0.5241615863,0.8947309353,0.3307155,0.9103185105,0.5805899779,0.7382890127,0.3009510769,0.6936681347,0.3724216627,0.6903133018,0.3514115011,0.5102447436,0.9946694457,0.7467409956
커먼독 연남본점,양식,서울 마포구 연희로1길 40-3 1층,,,"네이버페이,네이버주문,네이버톡톡",홍대입구역,3번,366,"2호선,공항철도,경의중앙선",5,0.3343280946,0.7916580904,0.6148284093,0.8577653692,0.2340878644,0.9729965925,0.1554262537,0.1646501586,0.7308521175,0.6078238522,0.2905400018,0.4479155347,0.2229440346,0.04440847756,0.6365809353
피자네버슬립스,피자,서울 마포구 양화로6길 73 4층 피자네버슬립스,4.57,,,합정역,6번,424,"2호선,6호선",5,0.8412017659,0.6266231119,0.7161723,0.4937910744,0.6907918917,0.8401634944,0.6007059458,0.5656593873,0.9628672882,0.4380198374,0.7455983258,0.8696091993,0.6832518626,0.4178770341,0.7409086414
아오이토리,베이커리,서울 마포구 와우산로29길 8 K.C빌딩,4.45,야끼소바빵과 명란바게트가 맛있는 내사랑 홍대 빵집,,홍대입구역,7번,374,"2호선,공항철도,경의중앙선",5,0.2632218467,0.9249017835,0.2612403045,0.05911342773,0.01615999587,0.9904460192,0.06478950527,0.004877716458,0.3762714937,0.2883825566,0.880287862,0.4149427603,0.3504792938,0.3897110463,0.1359682992
금별맥주 홍대직영점,"맥주,호프","서울 마포구 독막로7길 63 ,1층",4.5,홍대 펍 금별맥주 가성비 좋은 합정역 술집,,합정역,3번,500,"2호선,6호선",6,0.8139534262,0.772207105,0.444425254,0.07005369261,0.3830690008,0.1331503202,0.1461634581,0.8103149653,0.9648685328,0.6406252156,0.2650228045,0.2186552825,0.7925681733,0.03454828829,0.9348638627
광야,이탈리아음식,서울 마포구 월드컵북로4길 82 1층 광야,4.58,,"네이버예약,네이버톡톡",홍대입구역,2번,321,"2호선,공항철도,경의중앙선",4,0.8839907693,0.5056455677,0.4601558275,0.6936083381,0.9610451798,0.1812885048,0.2772072693,0.1455566244,0.6741902041,0.4282313212,0.765570921,0.2050984122,0.08199735818,0.09126005786,0.6856760925
카페 공명 연남점,"카페,디저트",서울 마포구 연희로 11 1층 카페 공명,4.5,,네이버페이,홍대입구역,3번,231,"2호선,공항철도,경의중앙선",3,0.09400853607,0.7644997309,0.2639747481,0.9799250715,0.7406794133,0.7457688563,0.1679657105,0.5346945212,0.3275866639,0.8258231184,0.0742749677,0.8533811504,0.6456421111,0.1743763863,0.08418079597
하이디라오 홍대점,중식당,서울 마포구 양화로 176 동교동 와이즈파크 5층,4.61,,네이버예약,홍대입구역,8번,80,"2호선,공항철도,경의중앙선",1,0.3342195592,0.7346652723,0.3022051241,0.9627262103,0.04340460061,0.5338245905,0.07633835249,0.201375081,0.6349805231,0.52001831,0.9421950025,0.3047701973,0.4032356112,0.7995264748,0.5549727162
합정공감,이자카야,서울 마포구 양화로6길 49 2F,,,,합정역,6번,305,"2호선,6호선",4,0.2171991696,0.7240128802,0.2480290195,0.9086048217,0.8176708899,0.9410561311,0.8544736967,0.2578135453,0.4535077672,0.7010532311,0.3961106779,0.9641473483,0.6399195212,0.4691502207,0.8208635187
홍대씨부엉,떡볶이,서울 마포구 와우산로21길 28-6,4.51,,네이버톡톡,홍대입구역,9번,578,"2호선,공항철도,경의중앙선",7,0.1173922467,0.7808318341,0.9932216793,0.3942020848,0.5560001139,0.1583637118,0.6541930145,0.5406340153,0.1031951227,0.8376562418,0.5872907982,0.6567269676,0.9085125256,0.7283815314,0.1089780781
라헬의부엌 홍대점,"카페,디저트","서울 마포구 와우산로29길 47 1,2층",4.5,,,홍대입구역,7번,219,"2호선,공항철도,경의중앙선",3,0.7267461348,0.3588265474,0.2978738547,0.998753544,0.01867393117,0.3514361103,0.4385249187,0.2055764176,0.6745586173,0.3607733502,0.9484744827,0.1778206521,0.6067343969,0.9310954246,0.9619978028
스케줄합정,양식,서울 마포구 양화로6길 33 1층,4.39,,,합정역,5번,183,"2호선,6호선",2,0.6055405983,0.3538645631,0.9504211329,0.4656717028,0.5614630891,0.4171578257,0.1563502924,0.1207418563,0.1382117226,0.5582086131,0.5185545493,0.637234202,0.04874380122,0.6194799125,0.957215153
카와카츠 본점,돈가스,서울 마포구 동교로 126 1층 102호,,,,합정역,2번,614,"2호선,6호선",8,0.1822459437,0.9594955596,0.7234755262,0.275774857,0.1389199457,0.4842459864,0.5904947131,0.9492172859,0.371300847,0.9712949961,0.3347614048,0.2400511077,0.1005494795,0.5167148103,0.5387422753
동두천솥뚜껑삼겹살 합정점,돼지고기구이,서울 마포구 양화로6길 39 1층,,,,합정역,6번,247,"2호선,6호선",3,0.3626439697,0.9099791004,0.7946870143,0.0730147571,0.5385016069,0.5562320694,0.5010277754,0.6503586046,0.2904565425,0.8780278052,0.1774621767,0.6662904318,0.2059751957,0.03144477222,0.7759755306
카미야,일식당,서울 마포구 와우산로21길 28-6,4.47,재학생이 추천하는 홍대 존맛 맛집,,홍대입구역,9번,578,"2호선,공항철도,경의중앙선",7,0.190481347,0.277107715,0.6671232557,0.4213019247,0.3013793688,0.001655751276,0.8464968096,0.7830962122,0.5284216755,0.3544696957,0.5419936743,0.1843168038,0.07364227598,0.5057460523,0.2577807525
정돈 홍대점,돈가스,서울 마포구 어울마당로 46,4.53,홍대맛집 친절하고 맛있는 등심돈카츠카레,,상수역,1번,327,6호선,4,0.09635547844,0.4246793701,0.5121060342,0.9323043806,0.3218534301,0.06436202759,0.3127583187,0.1011608663,0.07537951078,0.5349020963,0.6747063064,0.02228100634,0.4481030052,0.8851278412,0.1076252701
테이커테이블,이탈리아음식,서울 마포구 동교로30길 6 반계단 위 1층,4.97,,네이버예약,홍대입구역,3번,310,"2호선,공항철도,경의중앙선",4,0.1441258469,0.5585115803,0.796347726,0.3256984218,0.9449708376,0.564975865,0.6831247761,0.5606087608,0.517296831,0.3045169084,0.4811750769,0.9915138577,0.4702834308,0.03964391439,0.7275536753
카밀로 라자네리아,양식,서울 마포구 동교로12길 41,,,,합정역,9번,325,"2호선,6호선",4,0.1164180402,0.4920652024,0.2047354627,0.5245803238,0.115212046,0.594482012,0.8564611802,0.5614866253,0.5645301331,0.6210415378,0.2074556747,0.4287325065,0.7000109475,0.6104530213,0.2657718237
평이담백 뼈칼국수 본점,"칼국수,만두",서울 마포구 양화로7길 84,4.29,평이담백뼈칼국수 모두가 인정하는 합정맛집,,망원역,1번,423,6호선,5,0.007996890646,0.9650836384,0.01866492415,0.4852304265,0.005115966041,0.776469158,0.3617520049,0.8591480018,0.6705916785,0.2093025868,0.1541287853,0.1165082636,0.2886343581,0.09803431866,0.5231838818
코테츠,일식당,서울 마포구 독막로3길 28-17 1층 102호,4.44,합정 오코노미야끼 퀄리티에 놀란 곳,,합정역,3번,351,"2호선,6호선",4,0.978232726,0.5244208255,0.4747795275,0.05654452525,0.5741766159,0.7032076642,0.3136767007,0.9830681637,0.2267555793,0.7262622722,0.5239321039,0.06299294086,0.8549985346,0.4571362518,0.8291444571
샌드커피 논탄토 연남,카페,서울 마포구 동교로 212-16,4.49,,,홍대입구역,3번,183,"2호선,공항철도,경의중앙선",2,0.7547984428,0.9583560737,0.4506332586,0.55018421,0.9262857354,0.1143518514,0.85799273,0.9428546795,0.6514459329,0.3686862008,0.1394811064,0.1661660862,0.7385047442,0.9247611191,0.3912642518
고기꾼김춘배 홍대본점,"육류,고기요리",서울 마포구 홍익로3길 36 3층,4.51,홍대 삼겹살 맛집으로 유명한 고기꾼 김춘배 소고기,네이버예약,홍대입구역,9번,445,"2호선,공항철도,경의중앙선",6,0.9852693318,0.1047070554,0.5224738623,0.1616687757,0.115322185,0.9076136461,0.9817367514,0.5021148469,0.3035323009,0.2369106679,0.8808071294,0.7235051363,0.3214342929,0.4386072055,0.8361790383
멘야산다이메 본점,일본식라면,서울 마포구 홍익로5안길 24,4.32,,,홍대입구역,9번,386,"2호선,공항철도,경의중앙선",5,0.3344184516,0.3928897733,0.1371588409,0.2908574963,0.004235527478,0.5716893204,0.1328636949,0.5870645317,0.006891684004,0.5786589492,0.1620061009,0.4461979868,0.9923922116,0.1554608058,0.5509674745
카레시,카레,서울 마포구 독막로9길 31 1층,,,,상수역,1번,476,6호선,6,0.08331203835,0.116224116,0.1237193879,0.2021803159,0.3142017826,0.5907447986,0.5738595122,0.1517390028,0.634693691,0.9372247698,0.6257378832,0.3559513239,0.135481383,0.8165570844,0.146840472
산리오 러버스 클럽,카페,서울 마포구 와우산로19길 18 산리오 러버스 클럽,4.48,,,상수역,1번,460,6호선,6,0.1020634054,0.4875821175,0.5219462402,0.6214168019,0.9501149892,0.8885008837,0.5869828704,0.5507924867,0.2460399607,0.4295317771,0.8773014725,0.6190753648,0.7376341439,0.4321886556,0.9017780718
비스트로사랑방,"스파게티,파스타전문","서울 마포구 와우산로15길 40 BISTRO 사랑방 , 2층",4.54,,"네이버예약,네이버톡톡",상수역,1번,247,6호선,3,0.524980032,0.3695867015,0.3796921054,0.253143102,0.5690448874,0.2775007847,0.2819116319,0.06182036062,0.9614012783,0.0224043482,0.6068089482,0.05412461669,0.006082549896,0.04664760921,0.9214803139
어메이징농카이,태국음식,서울 마포구 동교로 156-11 1층,4.49,태국사람 갓세븐 뱀뱀도 극찬한 홍대 태국음식 맛집,배달,홍대입구역,1번,360,"2호선,공항철도,경의중앙선",4,0.7482081252,0.3529047129,0.9526046283,0.6276020589,0.2544496967,0.04783949913,0.7414314851,0.2912912876,0.490621881,0.02615572032,0.07885893412,0.7278067838,0.9189167278,0.2317403874,0.8491667258
바다애 홍대본점,생선회,서울 마포구 동교로 128 1층,4.54,,배달,합정역,2번,609,"2호선,6호선",8,0.339751204,0.7518290129,0.2912273938,0.3087036183,0.8908047031,0.3725909878,0.3653140343,0.7556981042,0.02231853738,0.7962234491,0.7316671952,0.04724554338,0.1308537507,0.1911104879,0.3849611086
배터리88 홍대점,요리주점,서울 마포구 와우산로19길 6 1층,4.4,홍대 루프탑에서 밤새놀수있는 갬성포차,"네이버예약,네이버톡톡",상수역,2번,422,6호선,5,0.1130174572,0.7132553404,0.4284370149,0.3818037903,0.4891292892,0.908291787,0.3104452315,0.4438178747,0.2291923785,0.7329511864,0.05627825033,0.8141374264,0.1708181242,0.6753476447,0.5844854484
스시오 블랙컨테이너,"일식,초밥뷔페",서울 마포구 어울마당로 100-6 1층,,홍대스시오에서 초밥 무한리필 즐기고 대왕연어초밥,,홍대입구역,9번,349,"2호선,공항철도,경의중앙선",4,0.8911655452,0.8236301159,0.05280684642,0.3039644478,0.449848083,0.92740421,0.9338535074,0.1945121845,0.8799065623,0.9532665834,0.2938037311,0.2930348285,0.9219388743,0.1614373103,0.05745066561
소코아 홍대점,카레,서울 마포구 와우산로15길 49 1층 소코아 홍대점,4.6,,,상수역,1번,226,6호선,3,0.05319502558,0.0886883738,0.8077489598,0.6248932624,0.7811377588,0.1127577974,0.7517744548,0.004494202109,0.06533326602,0.1593959187,0.1190385132,0.09650823836,0.01564364846,0.7488828174,0.7591401485
필로베이커리,"카페,디저트",서울 마포구 홍익로2길 27-22 2층,4.79,,"네이버페이,네이버톡톡",홍대입구역,9번,206,"2호선,공항철도,경의중앙선",3,0.6204390989,0.6291394633,0.4346581013,0.003456952477,0.2839239916,0.6611951112,0.186694226,0.5366532775,0.7230151267,0.6526204852,0.9769432807,0.7997492551,0.7031690663,0.9374305495,0.2038959077
또보겠지떡볶이집 호호시스터점,분식,서울 마포구 양화로6길 45 2층,4.56,홍대맛집 합정역 또보겠지 떡볶이 호호시스터즈점,,합정역,6번,286,"2호선,6호선",4,0.3118863853,0.2748923845,0.05511856458,0.6532398826,0.3120805131,0.4701517759,0.8083670277,0.9969412675,0.01128221859,0.09370624149,0.4953877967,0.5527700802,0.8067973285,0.2432211819,0.1587054736
연남어부,생선회,서울 마포구 동교로 220 1층,4.49,초신상 젊은감각이 돋보이는 횟집,네이버예약,홍대입구역,3번,220,"2호선,공항철도,경의중앙선",3,0.8989502956,0.8026342354,0.6301337822,0.1815014334,0.7231576423,0.7854033107,0.4954818907,0.6218232247,0.1990594297,0.9950549425,0.5191687098,0.08827798987,0.2311185529,0.4739981431,0.09804672387
무쏘 홍대입구역점,소고기구이,서울 마포구 어울마당로 131 지층,4.58,홍대맛집베스트10 8천원의 행복으로 즐기는 연탄고추장불고기,,홍대입구역,8번,169,"2호선,공항철도,경의중앙선",2,0.2521954734,0.09866846835,0.1761049015,0.3046048074,0.4099840853,0.9045723569,0.2761165899,0.444705312,0.8464519914,0.9529994847,0.1441791181,0.9831959423,0.07471205657,0.7507331955,0.8712151897
하카타나카,일식당,서울 마포구 와우산로23길 50 2F,4.45,오오기상이 추천해줘서 믿을수있는 일본 밥집,,홍대입구역,9번,142,"2호선,공항철도,경의중앙선",2,0.8786627408,0.8543244027,0.5956094209,0.2766896649,0.6908945094,0.1027612715,0.4200449583,0.359972763,0.1467498484,0.891446189,0.8476817211,0.6181056034,0.5030495497,0.1638019249,0.7329601892
부탄츄 홍대본점,일본식라면,서울 마포구 와우산로35길 75 1층 부탄츄,4.24,홍대 일본라멘 부탄츄에서 진한 돈코츠라멘,,홍대입구역,7번,114,"2호선,공항철도,경의중앙선",1,0.310070068,0.3207144604,0.934096062,0.1991925068,0.9998763085,0.4354062765,0.3610384786,0.5600151811,0.1682935322,0.6146315091,0.0306221663,0.49690814,0.6514340023,0.7309011861,0.5446493641
또보겠지떡볶이집 붕붕허니비점,분식,서울 마포구 양화로19길 22-25 2층,4.58,,"네이버페이,네이버주문",홍대입구역,3번,148,"2호선,공항철도,경의중앙선",2,0.4303427446,0.4942332843,0.7612034731,0.5112462653,0.1225811571,0.01280901342,0.517890257,0.111316302,0.3943975759,0.2316341105,0.5175499571,0.08241835721,0.647613763,0.9849059292,0.2102461678
해피베어데이 본점,"카페,디저트",서울 마포구 양화로12길 16-6 1층,4.76,,"네이버페이,네이버예약",합정역,3번,269,"2호선,6호선",3,0.1389090822,0.2287417097,0.5262925226,0.1013286754,0.3409278714,0.9497610221,0.2177707909,0.3718676142,0.9220338428,0.1211689307,0.244819938,0.4836911863,0.0599619746,0.3187790172,0.2090304883
OBPC 연남본점,피자,서울 마포구 양화로23길 40 1층,,생방송투데이 밥상 같은 피자 물김치 골목빵집,,홍대입구역,3번,251,"2호선,공항철도,경의중앙선",3,0.9883612616,0.6615421527,0.3053687067,0.4481914031,0.5399629503,0.04333646325,0.8536625651,0.8442959082,0.2282002836,0.2583747136,0.6411120871,0.2249332124,0.8559702842,0.2937352055,0.2801110742
리밀앤밀리,"카페,디저트",서울 마포구 동교로22길 21 1층,4.76,,"네이버페이,네이버주문,네이버톡톡",홍대입구역,1번,513,"2호선,공항철도,경의중앙선",6,0.02049633411,0.01047960617,0.1961939655,0.7403963427,0.9022112574,0.2917032102,0.1102546044,0.3077164026,0.6452403098,0.684213845,0.9426255798,0.6956803855,0.8321344768,0.6055743484,0.19403965
버터베이커리,베이커리,서울 마포구 동교로 226,4.57,,,홍대입구역,3번,241,"2호선,공항철도,경의중앙선",3,0.1250090219,0.4235403707,0.1806563087,0.9402338639,0.009274079066,0.1370661909,0.5853065725,0.1164731906,0.8416866709,0.8520039215,0.2697254443,0.9443598619,0.861261465,0.2938968603,0.411837519
신미경홍대닭갈비,닭갈비,서울 마포구 와우산로21길 31-10 1층,4.48,홍대맛집 세계로 뻗어나가는 신미경 닭갈비,"네이버페이,네이버예약,배달",홍대입구역,9번,579,"2호선,공항철도,경의중앙선",7,0.1471589303,0.8447138201,0.4395431352,0.8123103422,0.2962906284,0.2852658036,0.7034603377,0.09614864185,0.2203111269,0.9518076739,0.4979200503,0.09010765282,0.9191205003,0.3102889174,0.3773076514
이츠모라멘,일본식라면,서울 마포구 와우산로23길 18-7 2층 202호,4.48,,,홍대입구역,9번,335,"2호선,공항철도,경의중앙선",4,0.4067951898,0.4029407928,0.1706540836,0.1824913606,0.6874859867,0.4016368337,0.2562833598,0.4546876285,0.876865792,0.2224317269,0.680190805,0.5850854842,0.6758536578,0.6427993537,0.5811503108
토끼정 홍대,일식당,서울 마포구 잔다리로2길 13 1층~3층,4.53,,"네이버예약,네이버톡톡",합정역,3번,565,"2호선,6호선",7,0.6088877065,0.804040584,0.5087331358,0.398576925,0.6079049602,0.1724649827,0.2088515972,0.4340000834,0.23837414,0.5302831925,0.838132152,0.6737827182,0.2644118543,0.4024838602,0.1532782115
서교주담 합정,요리주점,서울 마포구 어울마당로5길 46 1층 서교주담 합정,4.75,연남동 합정동 술집 매실주 맛있는 전통주점,,합정역,3번,348,"2호선,6호선",4,0.9434649744,0.8974959667,0.3213221989,0.09790708907,0.2608896383,0.3288485784,0.26741983,0.4343810612,0.3379029022,0.1738370324,0.9715464332,0.3211436538,0.364220229,0.2757316462,0.3515322919
티와이티디,"카페,디저트",서울 마포구 양화로19길 22-8 1층 tytd,,,,홍대입구역,3번,179,"2호선,공항철도,경의중앙선",2,0.1951774317,0.9585100828,0.4045912966,0.2406262621,0.5100796331,0.8541413595,0.970799542,0.1496499266,0.8653273555,0.9722164864,0.6330847234,0.1690470275,0.08176854597,0.4743550383,0.4976678518
943 킹스크로스CAFE,"카페,디저트",서울 마포구 양화로16길 24 1층~4층,4.26,해리포터 카페 943킹스크로스 이색 데이트하기 좋은 곳,,홍대입구역,9번,495,"2호선,공항철도,경의중앙선",6,0.6339048954,0.3374074304,0.6988851071,0.9941824424,0.3492562088,0.5095072426,0.9505060929,0.04581775946,0.1807763967,0.4947510385,0.2441845546,0.7343655995,0.9837633322,0.1094497827,0.1886643436
불떡클럽 연남본점,떡볶이,서울 마포구 양화로23길 30 2층,,,,홍대입구역,3번,206,"2호선,공항철도,경의중앙선",3,0.6213023705,0.4159080256,0.3597173806,0.3225062604,0.866356095,0.6189446858,0.9293851704,0.6621255569,0.4166299762,0.6436881026,0.5915584789,0.8944440048,0.9090903135,0.7190376066,0.5260635433
언더플로어,"카페,디저트",서울 마포구 동교로 232 지하1층,4.73,,,홍대입구역,3번,262,"2호선,공항철도,경의중앙선",3,0.501276687,0.3529000533,0.1094110713,0.4718655479,0.3836249385,0.7194951053,0.1844202138,0.8622257191,0.6919298434,0.1760471165,0.8157268295,0.07950732884,0.3383112578,0.8158106401,0.6215903034
멘야하나비 합정점,일본식라면,서울 마포구 잔다리로7안길 14 1층,4.49,,,합정역,2번,228,"2호선,6호선",3,0.2675220652,0.6713463474,0.9378130512,0.003191470996,0.2678485969,0.4109736857,0.6380880705,0.7786472787,0.3218373642,0.1806517865,0.4389545137,0.6543072522,0.1610629123,0.80316994,0.2932418529
청년화로1987,"육류,고기요리",서울 마포구 동교로 219 1층 청년화로1987,4.55,연남동 삼겹살 맛있는 연트럴파크 맛집,,홍대입구역,3번,278,"2호선,공항철도,경의중앙선",3,0.4553269272,0.1186099403,0.9036632249,0.0257491126,0.2665971928,0.4904790477,0.2523006723,0.1199657054,0.003112332042,0.5687668616,0.03324697894,0.2849201507,0.4346826828,0.7651606458,0.3948969336
진진,중식당,서울 마포구 잔다리로 123 1층,,,네이버예약,망원역,1번,482,6호선,6,0.5603187941,0.3834808637,0.6004480073,0.5368262984,0.1680279923,0.3743458463,0.8920152265,0.7649867669,0.2507734582,0.3282118275,0.3798627328,0.5710143549,0.5741615663,0.8551154731,0.8666158352
모센즈스위트,"카페,디저트",서울 마포구 어울마당로 51-1 1층,4.66,달달한 아랍디저트 카이막 먹으러 홍대카페,배달,상수역,1번,404,6호선,5,0.03867996269,0.1283000696,0.4693104588,0.9598809831,0.9441948044,0.167631727,0.757171396,0.315146952,0.3392241628,0.4629031968,0.32882092,0.6259324885,0.03990022985,0.6667269514,0.1402210672
JASE,바(BAR),서울 마포구 와우산로19길 6-11 2층,,술집 분위기와 가성비가 좋은 칵테일바,,상수역,2번,470,6호선,6,0.388338137,0.1925577037,0.8063502374,0.589443372,0.05512938307,0.5063137445,0.8509564438,0.9652549288,0.4167840959,0.3485368247,0.7460914953,0.9110436655,0.6008212705,0.1838757023,0.125204072
히츠지야,일식당,서울 마포구 독막로3길 21 1층 히츠지야,4.82,,,합정역,3번,241,"2호선,6호선",3,0.1249827174,0.4111940641,0.3688368943,0.8773484745,0.7143133335,0.212711656,0.7186496927,0.9992223589,0.6549930794,0.5505489847,0.9977082703,0.851604615,0.2368074196,0.4699908146,0.03294545507
부산집 홍대본점,"오뎅,꼬치",서울 마포구 와우산로38길 4 지층 공원안 부산집,4.41,,,홍대입구역,6번,232,"2호선,공항철도,경의중앙선",3,0.4214912913,0.1702395906,0.1165913053,0.2464588256,0.8686403956,0.9105978091,0.9671694226,0.4203625241,0.3329701354,0.4816181335,0.6767895845,0.8685878592,0.7670611081,0.2337617122,0.3051762401
미도인 홍대,양식,서울 마포구 잔다리로2길 19 1층,4.5,홍대 스테이크 l 줄서서 먹는 대창곱창덮밥,,합정역,3번,568,"2호선,6호선",7,0.5120992359,0.9113520508,0.1563069024,0.5597578663,0.9781368399,0.5527677494,0.2432534284,0.5057056879,0.4317744887,0.1886513894,0.4715495397,0.6691026939,0.5535655818,0.03089106279,0.04434260074
합정광안리 본점,생선회,서울 마포구 독막로3길 38 광안리,4.46,,"네이버예약,네이버톡톡",합정역,3번,327,"2호선,6호선",4,0.4570682791,0.9945405007,0.1680945751,0.7770554591,0.6273314048,0.8586279938,0.2740327935,0.1454138273,0.01704519381,0.07487490945,0.7338296105,0.6238297676,0.1394608769,0.03058148573,0.1329952146
청기와타운 홍대점,"육류,고기요리",서울 마포구 양화로 128 1층,,,네이버예약,홍대입구역,9번,265,"2호선,공항철도,경의중앙선",3,0.9683493788,0.2485702833,0.7434719418,0.9213147853,0.2202765265,0.9746735591,0.3768158916,0.7020804138,0.5278882791,0.6075588377,0.5317418664,0.1719344119,0.9854775379,0.6367828085,0.6071169075
파리아저씨,요리주점,서울 마포구 홍익로5안길 42 세븐일레븐 옆,4.55,,"네이버페이,네이버예약,네이버주문",홍대입구역,9번,504,"2호선,공항철도,경의중앙선",6,0.3472114836,0.6050800807,0.8619830302,0.9280531549,0.824748942,0.7057612264,0.2103161286,0.2618349706,0.09000600982,0.4675985923,0.3118783443,0.5107054371,0.06113988823,0.9288308998,0.8842039958
연남물갈비,"육류,고기요리",서울 마포구 동교로25길 37 1층,4.49,,네이버톡톡,홍대입구역,1번,387,"2호선,공항철도,경의중앙선",5,0.5723672994,0.0009677087439,0.2826180528,0.5150625036,0.2466697739,0.4988516224,0.3441849368,0.07915929331,0.007998003981,0.2343004836,0.3327055363,0.5201393473,0.8766204851,0.1745551306,0.09285096438
띵크프룻,"카페,디저트",서울 마포구 와우산로29길 14-12 1층,,,,홍대입구역,7번,281,"2호선,공항철도,경의중앙선",4,0.1413412444,0.3722706413,0.3847874431,0.9377924891,0.475138445,0.5677758952,0.2756836819,0.6543629224,0.7417761659,0.8574215421,0.1259390366,0.862823667,0.998414027,0.5966531106,0.8848795185
청돈옥,"육류,고기요리",서울 마포구 잔다리로6길 10 1층 청돈옥,,,"네이버예약,네이버톡톡,쿠폰",합정역,3번,440,"2호선,6호선",6,0.3689670669,0.5865442623,0.09024337757,0.8437267326,0.2853759037,0.8602388406,0.4964226356,0.5616754089,0.9255500836,0.07992379268,0.3562676561,0.8768049114,0.2278196205,0.9205144513,0.4659750399
들풀한상,한식,서울 마포구 동교로 156-5,4.36,홍대 한정식을 찾는다면 들풀 서교동점 달맞이정식,배달,홍대입구역,1번,403,"2호선,공항철도,경의중앙선",5,0.6068684416,0.2450987801,0.2599604909,0.5448060018,0.9976521862,0.5136718884,0.3941846253,0.4285073731,0.8201455014,0.5995256468,0.3451189291,0.6860652502,0.8043648634,0.7247889721,0.6667038714
둥지닭볶음탕,닭볶음탕,서울 마포구 와우산로29마길 16 둥지닭볶음탕 홍대점,4.51,새둥지 위에 닭이랑 병아리 올라간 둥지닭볶음탕,배달,홍대입구역,7번,248,"2호선,공항철도,경의중앙선",3,0.1290169778,0.5675055783,0.305442826,0.2474400169,0.08639893224,0.412215803,0.009953910909,0.04893492136,0.6567903671,0.8471732882,0.5251896976,0.9136782718,0.04362522821,0.2350107205,0.7963730003
비포블루밍,"카페,디저트",서울 마포구 양화로23길 28 3층,4.57,,"네이버페이,네이버예약,네이버톡톡",홍대입구역,3번,197,"2호선,공항철도,경의중앙선",2,0.6516559587,0.7901189269,0.1131242855,0.5996264689,0.2268151836,0.1757822125,0.9400151179,0.2012594219,0.592559164,0.434430177,0.5635870325,0.1902527941,0.6450263662,0.09413645632,0.1066168593
도식화,"카페,디저트",서울 마포구 와우산로17길 19-9 1층,,,,상수역,1번,350,6호선,4,0.7384338986,0.004115643326,0.1162094313,0.1211985982,0.9677532038,0.134445455,0.00948082999,0.5262594937,0.8480604067,0.670398244,0.8973967458,0.7099850709,0.02436458232,0.9188935438,0.1505556578
하와이킴,"카페,디저트",서울 마포구 와우산로 147 1층,,,"네이버톡톡,쿠폰",홍대입구역,6번,456,"2호선,공항철도,경의중앙선",6,0.5702080951,0.9415230886,0.1537720766,0.1321204232,0.3780735673,0.9973128336,0.3180288049,0.2652852667,0.1166213022,0.3242989847,0.5598990004,0.9363019506,0.7687897867,0.1387534893,0.6673731011
퀜치커피,카페,서울 마포구 동교로12안길 9 . 1층,4.71,,,망원역,1번,369,6호선,5,0.7908362657,0.2944594405,0.3053071004,0.5751833242,0.1244819019,0.8560362761,0.06405641894,0.4831379399,0.5557638581,0.02902071126,0.3272980873,0.3767949456,0.4033472323,0.395428926,0.3615456871
중화복춘 공원,중식당,서울 마포구 동교로 220-7 101호,4.44,연남동 중식당 중국에서도 먹힐만한 중화요리,,홍대입구역,3번,172,"2호선,공항철도,경의중앙선",2,0.7586084679,0.9191927265,0.03363540202,0.8704909511,0.5024684194,0.5386798407,0.7327021114,0.351372116,0.7956995366,0.04629412927,0.07396115146,0.7836881427,0.8285770478,0.5801836742,0.123411425
천이오겹살 합정본점,"육류,고기요리",서울 마포구 양화로7길 12,4.28,합정 맛집 밥블레스유 이영자가 극찬한 냉동삼겹살,,합정역,2번,82,"2호선,6호선",1,0.864083182,0.6560894644,0.07762441129,0.7631255891,0.9266911063,0.1419819587,0.3836905699,0.6420607947,0.1495325721,0.1575000373,0.604418198,0.4914587492,0.3803530279,0.9361055797,0.6254220659
이치류 홍대본점,양갈비,서울 마포구 잔다리로3안길 44,4.56,,,합정역,3번,357,"2호선,6호선",4,0.2050506479,0.4871129857,0.07062036981,0.818953722,0.8858239652,0.1335384688,0.09403779088,0.08036733527,0.08000867896,0.6682053428,0.8348924091,0.3982780398,0.5160950245,0.7459902243,0.5527656006
정든집,"오뎅,꼬치",서울 마포구 잔다리로 20-13,4.33,홍대 하이볼이 맛있는 오뎅바,,합정역,3번,571,"2호선,6호선",7,0.7199492591,0.1415429857,0.09880295632,0.04291367262,0.3164386571,0.577376897,0.9255632698,0.6556265467,0.8857797351,0.1899412089,0.2032029094,0.3729818251,0.2201963735,0.7707571992,0.0661856
남산호랭이,"스파게티,파스타전문",서울 마포구 잔다리로 25 1층,,,,합정역,3번,483,"2호선,6호선",6,0.8557933578,0.1951899325,0.2382476494,0.9745580396,0.6151912234,0.8374564561,0.7458482955,0.07727976072,0.4683947878,0.06816495078,0.08905258188,0.07308678924,0.3429425842,0.8096099513,0.6239326196
긴자료코 본점,돈가스,서울 마포구 홍익로2길 43,4.51,,,홍대입구역,9번,250,"2호선,공항철도,경의중앙선",3,0.9787343677,0.3917159055,0.06939257383,0.9279344936,0.4092169957,0.9175397831,0.6107913247,0.4345009487,0.3162018993,0.7608807879,0.4452729723,0.2730088056,0.182133657,0.4836956891,0.8316779903
우동가조쿠,"우동,소바",서울 마포구 양화로19길 18 화성빌딩 1층,4.55,식감이 살아서 움직이는 가조쿠우동,네이버톡톡,홍대입구역,2번,192,"2호선,공항철도,경의중앙선",2,0.9010318789,0.7282435049,0.5531540027,0.07333690774,0.6066575002,0.7391564497,0.03775542052,0.02772609653,0.8672436224,0.8865947788,0.5197978601,0.3729637236,0.8375036891,0.9674658966,0.3584288456
코노미,일식당,서울 마포구 잔다리로6길 28,,야끼소바에 맥주 가성비좋은 홍대 술집,,합정역,3번,530,"2호선,6호선",7,0.3400047449,0.4817643581,0.1018897286,0.6686778155,0.6046097873,0.9530847577,0.01430432051,0.2941292759,0.4022006404,0.9730430544,0.5836385976,0.8048263786,0.4879835163,0.6732825392,0.8662822004
고쿠텐 홍대점,일식당,서울 마포구 월드컵북로4길 26 1층,4.47,홍대텐동 수요미식회에 나온 고쿠텐 여기 진짜 맛집,,홍대입구역,1번,248,"2호선,공항철도,경의중앙선",3,0.2201435105,0.05976012226,0.8648144589,0.2036815954,0.3001507353,0.8266462884,0.4519597547,0.9297642304,0.9441341111,0.6726352423,0.9114812118,0.3153390032,0.6305586381,0.8982153033,0.2350858873
장인닭갈비 홍대점,닭갈비,서울 마포구 어울마당로 111-1 1층,,,,홍대입구역,9번,173,"2호선,공항철도,경의중앙선",2,0.003353818896,0.4193932863,0.4849593399,0.9564609567,0.7064305949,0.1204880488,0.9844292054,0.7758144334,0.09308528103,0.6288096225,0.76765618,0.9440086878,0.1930074746,0.4708853906,0.8887509683
키움초밥,"초밥,롤",서울 마포구 잔다리로 77 대창빌딩,,인스타그램에서 유명한 홍대 스시맛집,,합정역,2번,523,"2호선,6호선",7,0.09779251581,0.9360097298,0.7077307257,0.5904315326,0.8427918287,0.3170065012,0.6223776202,0.2497401645,0.6768031772,0.5453091255,0.2103435077,0.6978649568,0.6156384506,0.2016897326,0.1789761303
시나모롤 스위트카페,"카페,디저트",서울 마포구 양화로 188 홍대 AK& 2층,,,,홍대입구역,5번,9,"2호선,공항철도,경의중앙선",0,0.8986253954,0.5340301805,0.8882449725,0.05246207063,0.9923378396,0.2272476807,0.3910811828,0.1330777747,0.3778597439,0.6987328298,0.6911253135,0.9717339163,0.2159204746,0.4079157977,0.8765692603
우마담,"육류,고기요리",서울 마포구 독막로3길 30 2층 우마담,4.56,한우 오마카세를 합리적으로 즐기는 곳,네이버톡톡,합정역,3번,296,"2호선,6호선",4,0.8763545331,0.787624661,0.04053419629,0.04465693321,0.3450630362,0.5958662005,0.8082502688,0.2745958695,0.722568138,0.7958322145,0.8728760749,0.8630646437,0.9097172677,0.6932645483,0.1823443323
홍스쭈꾸미 홍대본점,주꾸미요리,서울 마포구 어울마당로 146,4.44,맛있는 알마니볶음밥을 꼭 먹어야 하는 홍대쭈꾸미 맛집,,홍대입구역,7번,170,"2호선,공항철도,경의중앙선",2,0.676156559,0.01954023383,0.6638832149,0.9563951776,0.8067586296,0.965898794,0.5109562959,0.3554326723,0.3250848845,0.9147194614,0.8203338102,0.01120738831,0.7380642738,0.971195738,0.3157040179
판모당,일식당,서울 마포구 와우산로32길 31-8 1층,,,네이버예약,서강대역,2번,372,경의중앙선,5,0.2790479295,0.5480795773,0.9205317923,0.7776215971,0.9740717801,0.1755577897,0.1960552265,0.3887737732,0.2275733851,0.4541811558,0.9947321874,0.8110910736,0.8513917771,0.8129593924,0.9013158469
디어다온,"카페,디저트",서울 마포구 연희로1길 28 101호 디어다온,,,,홍대입구역,3번,289,"2호선,공항철도,경의중앙선",4,0.1000902149,0.8380134431,0.07172502217,0.5840685139,0.982266143,0.6756201199,0.8068889802,0.7102721557,0.2235627488,0.5777081351,0.7536327187,0.7479844896,0.4750997627,0.3849477739,0.8634989008
카페꼼마&얀 쿠브레 동교점,"카페,디저트",서울 마포구 양화로21길 23,4.33,,"네이버페이,네이버예약",홍대입구역,3번,85,"2호선,공항철도,경의중앙선",1,0.6331741254,0.947216207,0.5760599999,0.1072053325,0.5941317697,0.7026027487,0.3698776073,0.3431662489,0.04522317432,0.700775356,0.6852078461,0.6236608229,0.9808700572,0.2055260659,0.002834737478
온미동 연남,일식당,서울 마포구 월드컵북로4길 95 단독주택,4.54,,네이버예약,홍대입구역,3번,282,"2호선,공항철도,경의중앙선",4,0.7006263661,0.5860630435,0.1320253951,0.3188077593,0.3297852831,0.5397702752,0.1217711165,0.05406731515,0.6723565517,0.5630858805,0.4919552637,0.3983630416,0.9390040322,0.04306858078,0.8430291959
야키토리 나루토 오모테나시,"일식튀김,꼬치",서울 마포구 독막로5길 17 1층 나루토 오모테나시,5,,네이버예약,합정역,6번,434,"2호선,6호선",5,0.383227117,0.6166516066,0.9006159357,0.233522278,0.05351254057,0.4366792674,0.8068367956,0.456381169,0.1531882382,0.9715561367,0.3267086773,0.7125372863,0.4006395228,0.02425939206,0.5717657603
그동네떡볶이 홍대본점,종합분식,서울 마포구 와우산로27길 14 그동네떡볶이,4.53,치즈폭포떡볶이가 맛있는 홍대 뚝배기,,홍대입구역,7번,450,"2호선,공항철도,경의중앙선",6,0.8962935631,0.4994655831,0.4828132086,0.4384947702,0.1367203932,0.7513696179,0.6134478805,0.2341916974,0.8390102265,0.6981785682,0.1664067627,0.571608374,0.1782633438,0.1319720675,0.0427627278
라 룬 비올렛,프랑스음식,서울 마포구 월드컵북로4길 13 1층,4.8,프렌치비스트로 찾는다면 연남동맛집,,홍대입구역,1번,314,"2호선,공항철도,경의중앙선",4,0.9267178119,0.09435502317,0.1382368901,0.7480999775,0.3024096367,0.5238152609,0.7943436513,0.5529318021,0.04081521288,0.8586101123,0.6466031931,0.350111058,0.2474894511,0.3215275691,0.8770045372
공상온도,"카페,디저트",서울 마포구 동교로23길 40 지하,4.43,,"네이버페이,네이버예약,네이버톡톡",홍대입구역,1번,451,"2호선,공항철도,경의중앙선",6,0.6201257634,0.7114144985,0.3832404981,0.4510881736,0.337002225,0.258366775,0.3372553477,0.3632465145,0.3099588376,0.2344783833,0.2435887055,0.8899013861,0.747631189,0.3292476024,0.7423213709
냉장고 합정점,돼지고기구이,서울 마포구 양화로6길 99-10 1층,4.76,합정 상수 분위기좋은 삼겹살 목살 맛집,"네이버페이,네이버주문",상수역,1번,378,6호선,5,0.5768792926,0.4277587223,0.8232590022,0.9664187719,0.3939671853,0.1136207179,0.5316448466,0.8349468022,0.5041310506,0.2036697383,0.1696888632,0.2512896673,0.1736368066,0.2054432872,0.9145395676
연남주막1987,"전통,민속주점",서울 마포구 동교로 212-5 1층,4.51,,,홍대입구역,3번,204,"2호선,공항철도,경의중앙선",3,0.05234427701,0.07184724203,0.6060062183,0.1534028502,0.9839582154,0.3416906418,0.9219162058,0.3927088023,0.15034726,0.8055337717,0.03375262728,0.8160102267,0.9064890179,0.7368660621,0.2830756146
멧라운지,"카페,디저트",서울 마포구 어울마당로5길 42 1층 멧라운지 metlounge,4.55,합정역 나만알고 싶은 조용한 카페,,합정역,3번,363,"2호선,6호선",5,0.0796071592,0.2564879672,0.821784452,0.9636071135,0.2286746398,0.06942697733,0.7491739956,0.6678889417,0.232553133,0.7013366377,0.4305530105,0.9568234131,0.7731747612,0.2851954844,0.6495785292
하와이조개 홍대점,조개요리,서울 마포구 와우산로21길 19-8 태경빌딩 지하 1층,,,"네이버예약,네이버톡톡,쿠폰",상수역,2번,536,6호선,7,0.8582137574,0.1210608907,0.8516467662,0.5701983079,0.2847679835,0.259913358,0.6700571774,0.4891286717,0.3282437238,0.7654448365,0.7864012474,0.2773455248,0.5706544044,0.06300164903,0.11392671
합정 지튼,"카페,디저트",서울 마포구 양화로11길 42 1층,,합정 데이트 스콘이 맛있는 감성 맛집,,합정역,2번,232,"2호선,6호선",3,0.6388026872,0.7932907265,0.3674326673,0.3525326582,0.1419204182,0.9148741673,0.1636855059,0.8789550588,0.726647186,0.5338494021,0.9518982713,0.2982429628,0.1641910045,0.3959634336,0.8520995416
콜린,"카페,디저트",서울 마포구 어울마당로 45,4.49,분위기 좋고 음료가 맛있는 홍대 플라워 카페,,상수역,1번,393,6호선,5,0.2877387188,0.23409931,0.8984076688,0.8459592716,0.6161428026,0.4962784134,0.9874764277,0.1741599621,0.3501179887,0.06162274223,0.0508875774,0.2539671339,0.09349450386,0.3601659187,0.2837570167
삼다코지,"카페,디저트",서울 마포구 독막로9길 34 1층,,,네이버톡톡,상수역,1번,493,6호선,6,0.4646077081,0.1292736676,0.1388771002,0.2054244177,0.1722962651,0.3025349232,0.7711248395,0.8898096541,0.9547025773,0.03891114712,0.1610600625,0.01177363602,0.3890711195,0.114801695,0.02164804061
매운집,"찌개,전골",서울 마포구 독막로3길 25 1층,,,네이버예약,합정역,3번,266,"2호선,6호선",3,0.2514838048,0.01024403008,0.5799993519,0.6159640551,0.2099606639,0.2014541973,0.8494164894,0.9327385736,0.3131457549,0.1809593488,0.7873513498,0.3580834097,0.9786206266,0.6688430482,0.2416047537
연남쌀국수 똣,베트남음식,서울 마포구 연희로1길 15 1층,4.69,,"네이버예약,네이버톡톡",홍대입구역,3번,226,"2호선,공항철도,경의중앙선",3,0.9108593074,0.4594920581,0.8680342346,0.9956446142,0.9799188034,0.8094691044,0.9769505812,0.1817156212,0.07052508225,0.7338891557,0.1742255205,0.3990545864,0.6962166648,0.1562951677,0.6171278738
마포곱창타운 연남점,"곱창,막창,양",서울 마포구 동교로27길 20,4.48,클레버티비 교육받는 사이 다녀온 마포홍대 곱창,,홍대입구역,2번,314,"2호선,공항철도,경의중앙선",4,0.6348618455,0.8745691008,0.9193693971,0.5452725293,0.1032161767,0.3763503966,0.04455609365,0.1281719302,0.07122321665,0.296004285,0.8705472552,0.6175708892,0.5315783143,0.7178672238,0.4157161584
오리지널시카고피자 홍대본점,피자,서울 마포구 독막로7길 51 3층,4.3,홍대피자는 역시 치즈가 흘러넘치는 오리지널 시카고피자,"네이버페이,네이버주문,배달",합정역,3번,452,"2호선,6호선",6,0.8475778097,0.6778048263,0.450455396,0.2645563301,0.883198955,0.2191767058,0.06754888552,0.8977239149,0.8868151299,0.5791046664,0.3561536415,0.9204864624,0.9643027804,0.204149758,0.7131167702
유경당 연남점,퓨전음식,서울 마포구 와우산로37길 7 2층,4.36,,,홍대입구역,6번,171,"2호선,공항철도,경의중앙선",2,0.4456802674,0.7392459037,0.1023855222,0.2161982413,0.2202545866,0.2745040717,0.8984232997,0.1483409121,0.5044710254,0.5554850153,0.7734562947,0.6831101549,0.8482567936,0.3612132877,0.9484387372
포36거리 홍대점,베트남음식,서울 마포구 독막로3길 29 화이트하우스 1층,4.53,,,합정역,3번,286,"2호선,6호선",4,0.885696158,0.9243235574,0.6364865735,0.7169864379,0.6509049869,0.6753869279,0.556977876,0.07825394939,0.3670602744,0.6335803773,0.2205034415,0.4449408789,0.7020333275,0.003334793578,0.1913764737
히트커피로스터스 서교,"카페,디저트",서울 마포구 동교로 146 관양빌딩 1층 카페,4.63,,,홍대입구역,1번,477,"2호선,공항철도,경의중앙선",6,0.1536409302,0.7975535381,0.1668404753,0.6918507986,0.2814187671,0.7168485126,0.720765995,0.006337399123,0.09854892315,0.7429734035,0.9398499235,0.7078807944,0.47278818,0.8546280382,0.6937663059
프리모바치오바치 홍대본점,이탈리아음식,서울 마포구 와우산로23길 44,4.39,홍대 파스타 리조또 맛있는 곳,,홍대입구역,9번,161,"2호선,공항철도,경의중앙선",2,0.8769218181,0.01151717269,0.7742362132,0.2630736843,0.4039135423,0.5547497359,0.5991836393,0.1861436411,0.4814101778,0.04026204961,0.1083323291,0.08789647318,0.957005138,0.8461901912,0.6183613482
더리얼치즈버거,햄버거,서울 마포구 와우산로29길 48-29 1층,4.58,,,홍대입구역,7번,137,"2호선,공항철도,경의중앙선",2,0.7260465603,0.9029329387,0.2284066241,0.163768144,0.498645531,0.2501920393,0.2025450333,0.347486554,0.005483574761,0.9532725718,0.4491427524,0.3537024893,0.3001883902,0.01667999885,0.8696745377
멘야준,일본식라면,서울 마포구 동교로 128,4.57,홍대와 합정근처에서 맛있는 시오라멘전문점,,합정역,2번,609,"2호선,6호선",8,0.02210187336,0.7109598711,0.742585401,0.8779470802,0.9557320054,0.5451634826,0.3637940737,0.3662089799,0.5140249526,0.9542640717,0.03418907802,0.7474547285,0.6797757015,0.7524337834,0.3584131973
남북통일,만두,서울 마포구 동교로18길 37,4.49,,,합정역,2번,432,"2호선,6호선",5,0.2944964017,0.03161552532,0.1381551487,0.5869465354,0.5660216777,0.7946504691,0.7172082981,0.3917794819,0.2502544896,0.8958637877,0.2899927135,0.1144976823,0.5647269837,0.1025464422,0.7827652734
알디프 티 바,홍차전문점,서울 마포구 와우산로35길 19 B1-1F 알디프,4.82,,"네이버페이,네이버예약",홍대입구역,7번,266,"2호선,공항철도,경의중앙선",3,0.2853742563,0.9848415713,0.7217710303,0.09546319497,0.9388398636,0.004687198104,0.03850922636,0.7917799967,0.5345295638,0.8051119037,0.5628782423,0.5208875476,0.2746722897,0.3127622358,0.1078469603
이미커피,"카페,디저트",서울 마포구 동교로25길 7 1층,4.76,,,홍대입구역,1번,242,"2호선,공항철도,경의중앙선",3,0.209303755,0.5061784914,0.7412056437,0.05029178395,0.3257954581,0.0179173774,0.9704544835,0.6383373158,0.7485312185,0.2693368155,0.8413837041,0.2265527582,0.9629490946,0.1235081732,0.6958627395
원더하우스,"카페,디저트",서울 마포구 와우산로15길 34 1.5층,,,,상수역,1번,233,6호선,3,0.3054852572,0.8058274005,0.195979265,0.1180210281,0.2393905687,0.06138106625,0.7759721009,0.5439625387,0.806223269,0.4484029216,0.8459212284,0.6582659341,0.2165435816,0.06236450796,0.6152901199
마녀주방 홍대점,이탈리아음식,서울 마포구 와우산로21길 36-10,4.48,,네이버예약,홍대입구역,9번,462,"2호선,공항철도,경의중앙선",6,0.01130524977,0.637775352,0.4113103837,0.4623514472,0.1849090122,0.7520638799,0.6586271817,0.7518394849,0.745279323,0.9040722203,0.9146751402,0.3679660213,0.4824770511,0.8521301357,0.03089836212
미스타교자,중식당,서울 마포구 동교로 106 1층 102호,,,,망원역,1번,417,6호선,5,0.8748237533,0.9649140508,0.04053527984,0.369279648,0.2882266197,0.2737518937,0.3589548845,0.6440143707,0.5284679469,0.9280358864,0.3536194726,0.9173177676,0.2899203377,0.4259177997,0.6645713471
영동 감자탕,감자탕,"서울 마포구 월드컵북로5길 17 서교동, 영동감자탕",4.57,,,홍대입구역,1번,592,"2호선,공항철도,경의중앙선",7,0.8373536104,0.3488312107,0.5031460054,0.5419668946,0.07396258851,0.3911077464,0.9071351944,0.4681954745,0.3091488717,0.03962262986,0.04377061741,0.6027105942,0.4193910899,0.7970397918,0.7336251643
세상끝의라멘,일본식라면,서울 마포구 양화로7길 6-5,4.55,,,합정역,2번,97,"2호선,6호선",1,0.4039703641,0.5369695529,0.5174245547,0.3765596743,0.1519911081,0.759633877,0.8539923941,0.08885857882,0.4582206602,0.9295542052,0.06319223111,0.5360991992,0.6094263352,0.3593952607,0.5524170479
어썸마운틴,카페,서울 마포구 연희로 17 1층 어썸마운틴,4.83,,,홍대입구역,3번,288,"2호선,공항철도,경의중앙선",4,0.1919122066,0.9908744338,0.4773542832,0.8851492356,0.6329670047,0.1375720912,0.8889454974,0.3295680146,0.7144471635,0.8884453772,0.1827143864,0.26685579,0.3964437884,0.64977064,0.2704906024
기요한,일식당,서울 마포구 동교로12길 3 1층기요한,4.64,가성비 합정 카이센동이 눈물나게 맛있는 곳,,망원역,1번,289,6호선,4,0.7660193502,0.6031665083,0.8669142769,0.009072044727,0.7330075685,0.1013176113,0.8776168263,0.3261406159,0.6621149119,0.5787136228,0.1605995057,0.2765945832,0.5813987345,0.2642901532,0.9865933379
베어스덴베이커리,베이커리,서울 마포구 양화로23길 10-9 1층 베어스덴베이커리,4.46,비주얼 예쁜 빵을 파는 가게 연남동빵집,"네이버페이,네이버주문",홍대입구역,3번,152,"2호선,공항철도,경의중앙선",2,0.2817453573,0.7522181145,0.1006414703,0.2801071081,0.7327278464,0.9194899204,0.4944364895,0.7717338159,0.2050222649,0.1921929389,0.8433646374,0.8477503031,0.1730510161,0.6901357447,0.5815611365
무쇠김치삼겹 홍대점,돼지고기구이,서울 마포구 와우산로21길 20-5 1층 무쇠김치삼겹 홍대점,4.4,,,홍대입구역,9번,495,"2호선,공항철도,경의중앙선",6,0.009859843233,0.6421600555,0.1479666021,0.7592690609,0.647299255,0.7076843517,0.956605932,0.4282522671,0.2800930635,0.1257575781,0.7663781176,0.430366821,0.1682949657,0.1027854229,0.08143205922
치킨앤카레군,"치킨,닭강정","서울 마포구 어울마당로 125 1층, 지하",4.59,,,홍대입구역,9번,140,"2호선,공항철도,경의중앙선",2,0.09579436123,0.7388534507,0.6453274444,0.4121299939,0.2068079424,0.6947462236,0.51605096,0.4273945755,0.5096173642,0.6571156188,0.1961383474,0.1965710886,0.3504901556,0.1799802792,0.5300561257
오스테리아오라,이탈리아음식,서울 마포구 잔다리로 105 1층 오스테리아오라,4.53,,네이버톡톡,망원역,1번,431,6호선,5,0.7123835292,0.2493781441,0.3320838506,0.2080622625,0.01151545374,0.6492650847,0.5477825743,0.992404458,0.6767270879,0.6818172917,0.9652461184,0.4623725689,0.5994653175,0.7622288344,0.5355346206
배터리88 2호점 홍대입구역점,요리주점,서울 마포구 어울마당로 134 1층,,,"네이버예약,네이버톡톡",홍대입구역,8번,154,"2호선,공항철도,경의중앙선",2,0.6931408169,0.4437410508,0.9535827649,0.542280241,0.2894242345,0.06935404024,0.005695233017,0.3182434247,0.01639035474,0.2708411325,0.1831162381,0.4189025687,0.1097218676,0.1250048571,0.3252549201
커피 벌스데이,"카페,디저트",서울 마포구 와우산로29길 26-33 1층 커피 벌스데이,4.62,,,홍대입구역,7번,280,"2호선,공항철도,경의중앙선",4,0.101727019,0.65606703,0.008455005707,0.4090309819,0.7646319252,0.846909938,0.6456540572,0.2922627164,0.4875498628,0.5442343419,0.9946296372,0.3246664915,0.2422620689,0.04639447266,0.0676175071
보승회관 홍대직영점,국밥,서울 마포구 어울마당로 131,4.34,,,홍대입구역,8번,169,"2호선,공항철도,경의중앙선",2,0.2668053137,0.03238302291,0.5882687442,0.7650146846,0.1951766943,0.7554327889,0.194265528,0.9302962976,0.1186530691,0.56656704,0.1271117581,0.4883782405,0.2155534022,0.8908454194,0.8608614685
청년닭발1987,닭발,서울 마포구 동교로 218-1 1층,4.42,홍대 닭발 수요미식회 출연한 청년닭발,,홍대입구역,3번,239,"2호선,공항철도,경의중앙선",3,0.5007899648,0.8547758446,0.6051668206,0.3388128823,0.6902286269,0.284627602,0.1774395249,0.5501231271,0.6835820128,0.5954378073,0.8960143173,0.9497042126,0.992373459,0.4799292163,0.2658268562
버티컬커피,"카페,디저트",서울 마포구 어울마당로 134 3층,,,네이버톡톡,홍대입구역,8번,154,"2호선,공항철도,경의중앙선",2,0.2114578626,0.7569458101,0.7650018881,0.6095134557,0.2061210761,0.4116120027,0.2687374625,0.4982860336,0.520910367,0.8783509971,0.2378379451,0.4594593222,0.2234261416,0.926064508,0.4180409414
앤트러사이트 서교점,"카페,디저트",서울 마포구 월드컵로12길 11,4.37,창가에 앉아 책 읽기 좋은 망원동 카페,,망원역,1번,172,6호선,2,0.4141542756,0.03190354955,0.7923096681,0.0455059862,0.7291784383,0.1057730468,0.02280847421,0.07948494848,0.05454183926,0.6964277391,0.1506340146,0.1631970496,0.8759685812,0.7497312021,0.5064190474
태국수,태국음식,서울 마포구 연희로 29,4.59,을지로와 충무로 사이의 떠오르는 신상 맛집,,홍대입구역,3번,410,"2호선,공항철도,경의중앙선",5,0.8234953457,0.1612297554,0.002118244718,0.3103336333,0.6724578827,0.07477207482,0.973752266,0.3659815623,0.3035463199,0.6916584843,0.3453714558,0.2548408025,0.1310061095,0.377594348,0.1971014474
구공탄곱창 본점,"곱창,막창,양",서울 마포구 양화로6길 77,4.5,언제가도 맛있는 숙성 막창 곱창,네이버예약,합정역,6번,440,"2호선,6호선",6,0.5920463861,0.8250294708,0.8066794004,0.7671284935,0.7980873429,0.8408791131,0.03607871332,0.9866769171,0.2048476779,0.1601822939,0.7811110847,0.1969819174,0.7711020878,0.7495434281,0.9306082615
쟁반집8292 홍대점,"육류,고기요리",서울 마포구 와우산로29길 66,4.69,홍대고기집 서교동맛집 쟁반돌아가는 쟁반집 홍대점,네이버예약,홍대입구역,7번,174,"2호선,공항철도,경의중앙선",2,0.2900673709,0.3015133168,0.2930600872,0.2508511951,0.3102099938,0.3920217918,0.2355177621,0.1934578584,0.04870409726,0.9586971176,0.8631600315,0.4615808675,0.3261815838,0.2430479847,0.3331281931
용용선생 홍대점,요리주점,서울 마포구 잔다리로 10 1층,,,,상수역,1번,415,6호선,5,0.3601434683,0.6053833641,0.2512115149,0.2491108884,0.3013195166,0.9849298064,0.7559520516,0.7155504517,0.8494740529,0.09979681664,0.4050150325,0.1692779353,0.2723631408,0.09665228109,0.3728815625
고토히라우동,"우동,소바",서울 마포구 와우산로29길 14-8,4.47,홍대 우동 맛집 생생정보통에도 나왔던 곳,,홍대입구역,7번,309,"2호선,공항철도,경의중앙선",4,0.1203239576,0.4339360673,0.4089193195,0.2967486093,0.8710225049,0.5832972357,0.04318413671,0.4060498816,0.04486043492,0.04352597117,0.5824174417,0.6817947677,0.2493440128,0.15187404,0.5408553535
카와카츠 합정점,돈가스,서울 마포구 양화로 78-7 1층 카와카츠,4.81,,,합정역,3번,178,"2호선,6호선",2,0.1899557143,0.3044958817,0.4801640646,0.2526927042,0.067550125,0.8997653413,0.004487537086,0.897921402,0.5501350657,0.3463902993,0.6547923836,0.6972670385,0.839592817,0.7352670106,0.9275573907
비스트로주라,"스파게티,파스타전문",서울 마포구 와우산로23길 18-7,4.61,,,홍대입구역,9번,335,"2호선,공항철도,경의중앙선",4,0.1813642802,0.9109426256,0.6901413172,0.8586209927,0.6470853256,0.848769114,0.6168497311,0.4325431136,0.4322502528,0.06579956789,0.3145944396,0.4957047162,0.5673951514,0.1193940418,0.1478814513
오버트 합정,"카페,디저트",서울 마포구 잔다리로 43 1층,,,,합정역,3번,357,"2호선,6호선",4,0.01548176251,0.1074334013,0.8163997272,0.8823452125,0.1072741061,0.8497255468,0.5734296797,0.2393077055,0.0354003477,0.4464086886,0.9391476491,0.1575410827,0.9153983927,0.9910523179,0.6683255082
락희돈,"일식튀김,꼬치",서울 마포구 월드컵북로2길 86,4.45,,,홍대입구역,3번,102,"2호선,공항철도,경의중앙선",1,0.5201519374,0.993837452,0.3515435796,0.1278028125,0.7927225284,0.3253099396,0.3453195023,0.4747843691,0.4977204963,0.3057315902,0.4695258742,0.4571921767,0.1593528184,0.09327512843,0.7913121432
델리인디아,인도음식,서울 마포구 독막로9길 8 2층,4.76,,"네이버예약,네이버톡톡",상수역,1번,396,6호선,5,0.8702117518,0.7998231097,0.4710383865,0.7654510991,0.5054431342,0.4998365651,0.02085736038,0.8575773966,0.4685833834,0.02867410559,0.4998558106,0.7841097631,0.6720408392,0.6846534414,0.1215839034
카페 오로라,"카페,디저트",서울 마포구 와우산로 139 B1 ~ 1F,4.79,,,홍대입구역,6번,523,"2호선,공항철도,경의중앙선",7,0.3812285921,0.9852657915,0.07277758095,0.5460838329,0.2311065099,0.6896682534,0.1971263066,0.2531544543,0.2509819638,0.9510165532,0.4277773659,0.158076115,0.8514171109,0.6830243745,0.4525014231
마시타야,일본식라면,서울 마포구 와우산로29라길 26,4.53,,,홍대입구역,7번,333,"2호선,공항철도,경의중앙선",4,0.5448541994,0.4369969575,0.387515277,0.265074637,0.8914124604,0.6082086713,0.9311551223,0.01252757687,0.860084768,0.2082575299,0.2294200415,0.6399966672,0.2890761443,0.7162702917,0.9903429801
더피자보이즈 홍대입구역점,피자,서울 마포구 와우산로29마길 24-1 1층,4.58,,,홍대입구역,7번,279,"2호선,공항철도,경의중앙선",3,0.4217201808,0.2771363073,0.09923102025,0.9295289459,0.0606630074,0.8029233295,0.8546992596,0.05117853424,0.9429029298,0.4467219591,0.5337214651,0.8735869509,0.5787272271,0.7048393982,0.2223235318
38도씨식당,양식,서울 마포구 와우산로17길 19-17 2층,4.64,자이언트핑크가 운영하는 합정 파스타 맛집,네이버예약,상수역,1번,300,6호선,4,0.7490182159,0.8840341898,0.129072601,0.0985073853,0.3027881981,0.9483481212,0.08141580262,0.2564131552,0.7399606448,0.1249963146,0.4513347627,0.6937214562,0.08001890119,0.7939166168,0.4611796741
더블유오앤,"카페,디저트","서울 마포구 잔다리로6길 20-9 1층, B1층",,,,합정역,3번,551,"2호선,6호선",7,0.4363375444,0.3119552602,0.5613287574,0.9537147913,0.1749755649,0.0445646887,0.9566238404,0.5600291275,0.5518946343,0.6423790377,0.9011567764,0.6974899848,0.6607318766,0.6149349674,0.3630414754
연남족발1987,"족발,보쌈",서울 마포구 동교로 222 1층,,,네이버예약,홍대입구역,3번,211,"2호선,공항철도,경의중앙선",3,0.6262520186,0.3163947352,0.01643829863,0.8502615597,0.2448312424,0.8014262927,0.8905688462,0.01642040346,0.01357247153,0.7353709132,0.3464845626,0.5310566402,0.6185307971,0.6685698185,0.1602024141
샤브로21 서교,샤브샤브,서울 마포구 와우산로27길 28 2층(서교동),,,,홍대입구역,7번,384,"2호선,공항철도,경의중앙선",5,0.7453930002,0.9876963822,0.5115596029,0.8100404686,0.009450687497,0.05160844717,0.7725013408,0.324994874,0.1511453438,0.6106040047,0.1391661912,0.1537318162,0.7791852043,0.2757301763,0.9531639146
스미비부타동 합정점,덮밥,서울 마포구 양화로6길 21 1층 102호,,,,합정역,5번,128,"2호선,6호선",2,0.9262030009,0.9614678022,0.7245403459,0.6163090939,0.2851783619,0.08995283703,0.464925451,0.6355416109,0.9981451132,0.4517556553,0.5350333425,0.218368731,0.07959707652,0.6617391247,0.4913657979
사카바 토리야,이자카야,서울 마포구 독막로3길 38 2층,,,"네이버페이,네이버예약,네이버톡톡",합정역,3번,327,"2호선,6호선",4,0.2809853899,0.07025405767,0.7597837993,0.6011810655,0.3778581407,0.7680917826,0.797929356,0.7994690877,0.8651645102,0.685642241,0.9288353657,0.7481550302,0.3674576597,0.9855977617,0.9626443385
핵밥 홍대점,덮밥,서울 마포구 잔다리로6길 40-6 1층,4.24,홍대 냉모밀 대창덮밥 맛있는 핵밥,,홍대입구역,9번,535,"2호선,공항철도,경의중앙선",7,0.01323371741,0.7690936735,0.5153244494,0.1827662976,0.385294564,0.3876486168,0.9846986289,0.1718856006,0.188921255,0.5951469419,0.4197967278,0.1677334785,0.9543488964,0.3049341144,0.05600746214
낙랑파라,"카페,디저트",서울 마포구 연희로1길 21,4.24,녹차 트라이앵글 케이크가 맛있는 연남동 시멘트 카페,,홍대입구역,3번,252,"2호선,공항철도,경의중앙선",3,0.7962634466,0.788417825,0.8930276259,0.502176564,0.6654393298,0.03577556883,0.01565796656,0.09909716334,0.169618584,0.8884416523,0.9209921267,0.7177007974,0.7354411647,0.1919404585,0.7544469588
담택,일본식라면,서울 마포구 월드컵로8길 34 1층,4.63,,,합정역,2번,355,"2호선,6호선",4,0.5987319702,0.7194607592,0.8479713209,0.8411557199,0.2039020117,0.4686171078,0.1677736555,0.3399127645,0.616485963,0.1668596257,0.7694234442,0.5251166823,0.842253265,0.2641117019,0.05855407441
맛깔1987,생선회,서울 마포구 동교로 212-9 1층,4.46,,배달,홍대입구역,3번,177,"2호선,공항철도,경의중앙선",2,0.1890127294,0.002480247538,0.5337464945,0.3691541284,0.8090215922,0.3837546884,0.4982255093,0.9539837638,0.1277232541,0.370548229,0.1939762277,0.7176604981,0.8472727178,0.6399890524,0.1950769494
부부드꼼뜨와,양식,서울 마포구 월드컵북로6길 82 신한빌딩 1층,4.56,,,홍대입구역,3번,430,"2호선,공항철도,경의중앙선",5,0.3638534045,0.5833661586,0.7260536559,0.8662249275,0.9904024002,0.6633017049,0.9950831584,0.0002963063911,0.3460014276,0.4999989942,0.0007490424501,0.1786139799,0.2230799332,0.1815484637,0.8204638266
홍대오잉크,돼지고기구이,서울 마포구 와우산로21길 31-11 B동 1층,,,"네이버예약,네이버톡톡,쿠폰",홍대입구역,9번,587,"2호선,공항철도,경의중앙선",7,0.7957892701,0.3904973096,0.5112534075,0.5304669042,0.5780615986,0.3718674064,0.1556618919,0.2179948793,0.7865727396,0.9287219193,0.9744261196,0.4351466383,0.1739718083,0.9298596353,0.1844681897
공미학 마포홍대점,"카페,디저트",서울 마포구 양화로 162 카카오프렌즈 3층,4.59,,,홍대입구역,8번,51,"2호선,공항철도,경의중앙선",1,0.8079098632,0.9444151633,0.3495661731,0.3515707363,0.172900317,0.3084506223,0.7600117254,0.5260892656,0.926924185,0.5995207299,0.1205588176,0.3595560266,0.5932523303,0.7469878437,0.6012745757
온돌 합정점,"찌개,전골",서울 마포구 양화로6길 65,4.62,,네이버예약,합정역,6번,384,"2호선,6호선",5,0.5016421651,0.6704266509,0.9886136627,0.09841328286,0.4364593955,0.4323844628,0.4906131981,0.7020149639,0.07792947291,0.5752651938,0.1521223669,0.1573466886,0.09758040161,0.05913198452,0.09108707477
알배기,생선회,서울 마포구 양화로6길 57-13 1.5F,4.88,,"네이버페이,네이버예약,네이버주문",합정역,6번,426,"2호선,6호선",5,0.8605790509,0.5552051206,0.302561915,0.1116426748,0.9188557478,0.8307706701,0.1140762879,0.2277548505,0.4487809318,0.675266966,0.04696435799,0.4588403215,0.5749015231,0.9017266589,0.03886590044
강화통통생고기 본점,강화통통생고기,서울 마포구 동교로 90,4.53,,,망원역,1번,266,6호선,3,0.4014478094,0.3595739388,0.9488664661,0.6501271182,0.4291579523,0.9616362551,0.3970577481,0.3464819205,0.8334894811,0.8583346197,0.4341247224,0.3877483134,0.5383286123,0.7177143908,0.3608139199
꽈페 홍대점,베이커리,서울 마포구 홍익로6길 8 1층,,,"네이버페이,네이버예약",홍대입구역,9번,163,"2호선,공항철도,경의중앙선",2,0.257188339,0.837900783,0.06671729187,0.6428367706,0.4677743967,0.1346469418,0.002583117484,0.1726514956,0.3933876171,0.5985206732,0.3670432781,0.9059069872,0.1073050192,0.1040441463,0.4256033913
빠넬로,이탈리아음식,서울 마포구 어울마당로5길 29,,화이트 트러플 피자와 파스타가 있는 곳,,합정역,3번,432,"2호선,6호선",5,0.5234631968,0.3057976882,0.7501491238,0.3532683548,0.01891578307,0.7163260437,0.215347102,0.584693185,0.7909235751,0.3277883947,0.6089776346,0.3769506519,0.6056714929,0.02935996981,0.2208008151
탄탄면공방 홍대본점,아시아음식,서울 마포구 잔다리로6길 25 재륜빌딩,4.38,,배달,합정역,3번,519,"2호선,6호선",6,0.9472809778,0.8399931546,0.3780350996,0.1962247591,0.8939459903,0.696868827,0.925057793,0.1281380219,0.1232694937,0.9304870778,0.6458213109,0.138214354,0.473660073,0.6406702513,0.315922268
구워삶다 합정점,돼지고기구이,서울 마포구 독막로3길 46,4.58,,"네이버페이,네이버예약,네이버주문",,,,,,0.2184687615,0.7517061467,0.6124849709,0.06849164455,0.9692832007,0.8497223003,0.2764355897,0.622448988,0.04364314084,0.6543547842,0.1069577499,0.3045988499,0.3848219046,0.4563453228,0.6378971113
너프,"카페,디저트",서울 마포구 어울마당로5길 50 1층 201호,4.76,,,합정역,3번,336,"2호선,6호선",4,0.01738423157,0.8327012045,0.1867120522,0.1830004324,0.7204426896,0.1574903316,0.6021147851,0.7620855084,0.614856914,0.2699444818,0.4057232245,0.03290089703,0.1436997856,0.9835960987,0.2752575708
노티드 연남,카페,서울 마포구 월드컵북로6길 12-13,,,,홍대입구역,1번,446,"2호선,공항철도,경의중앙선",6,0.3665037737,0.01069532567,0.006102215148,0.112149213,0.3049206651,0.1152939279,0.07580472503,0.6748951671,0.2869470865,0.3051588775,0.8286412081,0.1562185059,0.4128369803,0.5100789934,0.4343251752
토라비,카페,서울 마포구 와우산로29바길 24,4.58,홍대 카페 맛있는 파블로바맛집,"네이버페이,네이버주문",홍대입구역,8번,260,"2호선,공항철도,경의중앙선",3,0.7173785873,0.1848071056,0.415701327,0.8220988919,0.8689029954,0.8656505464,0.9973338317,0.4988831559,0.766303609,0.01449542018,0.3970421352,0.9656733157,0.4950154202,0.6693322251,0.9192973749
W카페,W카페,서울 마포구 동교로25길 16,4.55,w카페 모던하고 여유로운 카페,,홍대입구역,1번,276,"2호선,공항철도,경의중앙선",3,0.6485238155,0.6423206571,0.5317449,0.8782356393,0.1082919904,0.5073462728,0.5098129317,0.5643924704,0.4017938031,0.9321125645,0.506049344,0.6272288016,0.875720731,0.2534754565,0.08315025011
베트남이랑,베트남음식,서울 마포구 월드컵북로2길 97 2-3층 (동교동),,,배달,홍대입구역,3번,46,"2호선,공항철도,경의중앙선",1,0.2222437047,0.1792199846,0.5965777154,0.8869117885,0.2666806646,0.2503921509,0.4220271077,0.7297657178,0.1946320089,0.1208949127,0.9086576467,0.5190974942,0.7617343421,0.4517257211,0.3237071798
연남다방,"카페,디저트",서울 마포구 연희로1길 36 1.5층,4.44,,,홍대입구역,3번,320,"2호선,공항철도,경의중앙선",4,0.06627155217,0.9674860956,0.2802147674,0.5202806044,0.6638894381,0.4906495606,0.4842046843,0.5534426296,0.5638536848,0.2696756132,0.7959836959,0.6532465433,0.1768301486,0.8066264134,0.277915649
odd,케이크전문,서울 마포구 월드컵로10길 17 1층,4.57,,,망원역,1번,326,6호선,4,0.1014915314,0.1618716747,0.874966053,0.9319671084,0.8454952983,0.5753784928,0.6630186055,0.168349346,0.1246123134,0.05847245087,0.5821809981,0.9757678145,0.7251763405,0.9607897846,0.8032545286
원스,양식,서울 마포구 양화로7길 61-6 1층,5,,"네이버페이,네이버예약",합정역,2번,383,"2호선,6호선",5,0.4173228747,0.717719542,0.04716588567,0.2069332796,0.9220742261,0.7878739714,0.8196131804,0.6268392687,0.7918051801,0.09648042499,0.9747057209,0.1111566107,0.8466840649,0.8445724728,0.9229270936
가미우동,"우동,소바",서울 마포구 홍익로2길 23,4.58,홍대 저렴하고 맛있는 붓가께우동 냉우동,,홍대입구역,9번,270,"2호선,공항철도,경의중앙선",3,0.04967097662,0.2494208593,0.9831598795,0.6263709246,0.03365871508,0.4671774628,0.3173516755,0.6086514785,0.5797113123,0.1774547318,0.5280511488,0.1218046213,0.9621559587,0.5279360682,0.4392872056
오레타치카레,카레,서울 마포구 홍익로6길 83 1층,,,네이버톡톡,홍대입구역,4번,185,"2호선,공항철도,경의중앙선",2,0.9938434418,0.8769521913,0.5789058949,0.8676803903,0.8120381495,0.6919252201,0.08853560928,0.363102907,0.9802336357,0.8758476544,0.8007974558,0.5126332663,0.04777168757,0.5268947237,0.9545131087
백소정 홍대합정점,일식당,서울 마포구 독막로7길 51 2층,,,,합정역,3번,452,"2호선,6호선",6,0.02344868767,0.7785590178,0.06389254936,0.01235698323,0.3752826507,0.02183932562,0.7199460497,0.8447211985,0.2591109894,0.0409191464,0.8631088593,0.6514062648,0.9857210377,0.5299133901,0.3775427751
명현만간장게장무한리필 합정본점,게요리,서울 마포구 양화로 45 메세나폴리스 123호~129호,,,,합정역,10번,30,"2호선,6호선",0,0.7763863402,0.3614270644,0.1077096165,0.8189446029,0.9281322577,0.0002065051755,0.6320177343,0.9658518742,0.2773012197,0.9410029704,0.5859290132,0.9773016311,0.3909583604,0.248602184,0.06373380169
카페미뇽 합정점,"카페,디저트",서울 마포구 양화로6길 35,4.43,합정 디저트카페 귀엽고 맛있는 타르트전문점,,합정역,5번,207,"2호선,6호선",3,0.382573074,0.5884839287,0.7639094558,0.1962118349,0.890726431,0.5643508878,0.5155287011,0.03757492482,0.9478288639,0.6031725015,0.03821879836,0.03052381397,0.5114526436,0.7051549311,0.2041745478
바쿠단야끼,일식당,서울 마포구 양화로 188 애경타워 1층,,,,홍대입구역,4번,47,"2호선,공항철도,경의중앙선",1,0.4445269606,0.05944932804,0.3761192085,0.6402906354,0.08980930661,0.8327387672,0.03485200786,0.3331217345,0.6470192701,0.372652893,0.211549992,0.736095062,0.8415373949,0.8287086056,0.3351510446
더다이닝랩,양식,서울 마포구 양화로23길 22-7 1층 더다이닝랩,4.51,레스토랑 채광 좋은 창가에서 즐긴 연남동 파스타,"네이버예약,배달,네이버톡톡",홍대입구역,3번,189,"2호선,공항철도,경의중앙선",2,0.1202669503,0.0004637349871,0.6945372605,0.295025151,0.8371794986,0.6088336834,0.3876687333,0.9338043817,0.1111288201,0.2446882885,0.2720984526,0.05201245394,0.8492549587,0.6307525712,0.8446785831
감성타코 홍대점,"멕시코,남미음식",서울 마포구 와우산로21길 20-11 2층,4.34,,"네이버페이,네이버예약,네이버주문",홍대입구역,9번,462,"2호선,공항철도,경의중앙선",6,0.6838338474,0.08660287577,0.6772069551,0.2933188515,0.2297618747,0.9023945886,0.2512896786,0.3019730428,0.5350447681,0.07343998836,0.1565371236,0.8892916638,0.02494762527,0.2384150227,0.3852319125
오디티,"카페,디저트",서울 마포구 양화로6길 21 3층,,,,합정역,5번,128,"2호선,6호선",2,0.54815475,0.2336173549,0.1524858642,0.3641618543,0.8290741475,0.9208281922,0.1265882188,0.4465049359,0.09957755913,0.7086054691,0.9022841567,0.3288545429,0.1232198404,0.4676680628,0.7042286653
트리플 베이글,브런치,서울 마포구 잔다리로 42 트리플 베이글,4.58,,,합정역,3번,403,"2호선,6호선",5,0.2963123811,0.5258644248,0.8832624441,0.8328700775,0.6976995732,0.8128145613,0.03803892947,0.4453398724,0.3731343842,0.472740332,0.1630138171,0.09401825824,0.8198629498,0.1495141807,0.3216779241
몽주방,요리주점,서울 마포구 독막로7길 20 1층,,,네이버예약,상수역,1번,481,6호선,6,0.4547189978,0.7914656797,0.209408175,0.5531988893,0.8554956461,0.07155008807,0.8328583242,0.6766960265,0.5952825906,0.6185766574,0.6828711291,0.5373756563,0.5561658982,0.3159410987,0.7930305664
스시노칸도 홍대점,"초밥,롤",서울 마포구 잔다리로6길 30 서교뉴빌라 2층,4.57,,배달,합정역,3번,545,"2호선,6호선",7,0.2348495865,0.7409438526,0.1833999111,0.4453472618,0.03191916597,0.9305710498,0.4897372517,0.2494152429,0.8015431068,0.9964883531,0.02447937503,0.4516415259,0.2780815068,0.5932039031,0.7485243044
셔우드,피자,서울 마포구 와우산로37길 11 2층,,,"네이버페이,네이버예약,네이버주문,배달,네이버톡톡,쿠폰",홍대입구역,6번,152,"2호선,공항철도,경의중앙선",2,0.4456305886,0.7149724753,0.7931668949,0.2465725829,0.684536099,0.5806277877,0.9335028835,0.2839302888,0.09917889926,0.01296071489,0.7561945271,0.5780457496,0.3944608179,0.02857022835,0.5490768386
물고기초밥,"초밥,롤",서울 마포구 독막로3길 24-6,4.56,합정역 초밥 정갈하고 아늑한 물고기 홍대 스시,,합정역,3번,282,"2호선,6호선",4,0.8002800766,0.8534870868,0.1888645612,0.7093479181,0.4038251641,0.528646104,0.1093426212,0.8475139845,0.7546952677,0.0635332072,0.8947417744,0.728490922,0.3678457472,0.9507596221,0.811436314
카츠업 홍대점,돈가스,서울 마포구 홍익로 10 서교푸르지오 101동 142호,,,네이버톡톡,홍대입구역,9번,272,"2호선,공항철도,경의중앙선",3,0.8883670758,0.2483257669,0.9053217118,0.3817246855,0.8993781031,0.829664792,0.9759304968,0.5881955039,0.2579683772,0.8046170309,0.7849748674,0.7848558306,0.4944942453,0.1485575608,0.003623496842
리프타임,양식,서울 마포구 홍익로5길 32 2층(서교동),,,네이버예약,홍대입구역,9번,376,"2호선,공항철도,경의중앙선",5,0.2345550737,0.6419420418,0.0341651682,0.359593753,0.5914259772,0.647240955,0.7603059255,0.1179951113,0.1904541477,0.2788943399,0.2037587971,0.4989749705,0.9844782247,0.6444161091,0.5665570411
브뤼서리 서교,양식,서울 마포구 월드컵로12길 10 1층,4.59,마리의 토끼를 잡을 수 있는 캐주얼 다이닝 레스토랑,네이버예약,망원역,1번,163,6호선,2,0.1897043154,0.4553671282,0.4341883467,0.2726259525,0.3726814293,0.8832747629,0.08713228016,0.109512296,0.09984331235,0.1956335399,0.213770906,0.5308931987,0.02456051394,0.1225798295,0.9304579348
별자리마라탕&훠궈 무한리필 홍대점,중식당,서울 마포구 와우산로23길 50 지하1층,4.52,,배달,홍대입구역,9번,142,"2호선,공항철도,경의중앙선",2,0.8903226136,0.8864781476,0.1465210948,0.8496583691,0.4992567521,0.3374056837,0.02040954802,0.2102844755,0.19746713,0.4947605031,0.6463023211,0.1266778941,0.9972190584,0.006416642185,0.6209841592
1984,"카페,디저트",서울 마포구 동교로 194 혜원빌딩 1층,4.62,편집샵과 북카페로 유명한 연남동 카페,"네이버페이,네이버주문",홍대입구역,2번,161,"2호선,공항철도,경의중앙선",2,0.4284482704,0.2872427173,0.24519178,0.948824658,0.1875862664,0.2443920467,0.09247410683,0.7129535175,0.06094926127,0.3470922634,0.823120722,0.77123892,0.8629439692,0.04925989294,0.1053359165
랑데자뷰 홍대점,"카페,디저트",서울 마포구 와우산로27길 21 지하 1층,4.34,제주도 감성 뿜뿜 묻어있는 홍대카페,네이버톡톡,홍대입구역,7번,424,"2호선,공항철도,경의중앙선",5,0.08434051862,0.6880612292,0.9725563218,0.2586771184,0.8799869404,0.2181636393,0.3233573473,0.9882582589,0.3916885774,0.01486244694,0.1534412654,0.1779074087,0.6447186519,0.3266978262,0.3430395438
고에몬 홍대AK점,"스파게티,파스타전문",서울 마포구 양화로 188 AK& 홍대점 5층,4.31,,,홍대입구역,4번,58,"2호선,공항철도,경의중앙선",1,0.1207977971,0.9935307627,0.05251992528,0.4263772432,0.7664730186,0.2921769873,0.7100616916,0.7394155831,0.3882970241,0.3584502779,0.2138919914,0.2864371414,0.8808067859,0.7105709603,0.7817215241
우아하게,한식,서울 마포구 동교로 185 1층 우아하게,4.77,,네이버톡톡,홍대입구역,1번,151,"2호선,공항철도,경의중앙선",2,0.8809865794,0.1214400214,0.3398935163,0.6316463105,0.1961002516,0.1170275218,0.9712714123,0.471301378,0.01872414527,0.8927648009,0.3403840758,0.8279727297,0.3977188802,0.4184124885,0.988640404
훠궈나라 홍대점,중식당,서울 마포구 어울마당로 133 1층 훠궈나라,,,,홍대입구역,8번,155,"2호선,공항철도,경의중앙선",2,0.9137534754,0.1259314298,0.5187918647,0.2120456526,0.5117897325,0.6773429613,0.9310735398,0.6587410153,0.7762761548,0.2604251974,0.008612572916,0.270420209,0.5013177915,0.3601451708,0.7961729255
디어리스트 연남,양식,서울 마포구 동교로27길 21-8 1층,,,"네이버예약,네이버톡톡",홍대입구역,2번,363,"2호선,공항철도,경의중앙선",5,0.08727562799,0.5353404133,0.4456217544,0.4447736904,0.1105609799,0.7085068949,0.720014904,0.8104356154,0.5726727785,0.6886128427,0.6755529912,0.7109018762,0.9731186506,0.801894758,0.8021057565
21세기우리바다수산,생선회,서울 마포구 동교로 173 21세기우리바다수산,4.21,,배달,홍대입구역,1번,254,"2호선,공항철도,경의중앙선",3,0.6628952932,0.5698419887,0.6912159633,0.2890041809,0.4141561945,0.582991473,0.6997713454,0.9022333869,0.1879350968,0.008679844319,0.8545452106,0.9039239629,0.416714745,0.878934427,0.2625117318
라멘 무메이,일본식라면,서울 마포구 동교로27길 12,4.65,,"네이버페이,네이버주문",홍대입구역,2번,268,"2호선,공항철도,경의중앙선",3,0.05993422387,0.1356627015,0.05997377458,0.2624543284,0.2384962958,0.6999604406,0.4736595642,0.3133410443,0.2873576713,0.3240046069,0.7663249946,0.06918104712,0.7090596922,0.8513126516,0.6945812753
애쉬앤블룸,바(BAR),서울 마포구 와우산로29길 44 1층~3층,4.82,,,홍대입구역,7번,226,"2호선,공항철도,경의중앙선",3,0.8626513254,0.4971669195,0.1902897088,0.5021175507,0.4870865169,0.3789331526,0.6833692294,0.7148515744,0.8117857412,0.700482427,0.5617631325,0.2042268058,0.6431678097,0.2116691288,0.8375541574
23플래터,이탈리아음식,서울 마포구 잔다리로3안길 36 1층 23플래터,4.79,성공적인 데이트로 남을 합정파스타,"네이버예약,네이버톡톡",합정역,3번,386,"2호선,6호선",5,0.869042216,0.1291274817,0.2215260125,0.7197550047,0.8059512599,0.1266484555,0.4215250026,0.3843171619,0.768057877,0.6361344353,0.3912372954,0.7753566573,0.1492069818,0.7368281404,0.1030097394
이빠네마그릴 스테이크 홍대점,"스테이크,립",서울 마포구 홍익로 7 지하1층,4.53,홍대역맛집 스테이크가 맛있는 이빠네마그릴 홍대점,,홍대입구역,9번,416,"2호선,공항철도,경의중앙선",5,0.04600132236,0.134037618,0.02536287155,0.6428893391,0.2686726219,0.5120064819,0.2139544306,0.5401810623,0.1711922819,0.5683868598,0.2883602736,0.608752555,0.7980433396,0.04988715987,0.860048356
우규,이자카야,서울 마포구 독막로3길 21 1.5층,4.93,,,합정역,3번,241,"2호선,6호선",3,0.4754708162,0.5689408398,0.9925205224,0.09587171353,0.228155076,0.5489067658,0.1612267144,0.2828160046,0.7300213812,0.6584898386,0.6143159706,0.06905935366,0.7924799791,0.4444146442,0.4124096564
umoae,"카페,디저트",서울 마포구 양화로6길 99-5 1.5층,4.72,,,상수역,1번,361,6호선,5,0.1706650599,0.1283697481,0.8533610807,0.1958210321,0.04019699866,0.2702124144,0.1627108653,0.6185340139,0.02567801898,0.9574615936,0.8021968546,0.8760724015,0.5222107668,0.1900920821,0.9240641144
푸하하크림빵,베이커리,서울 마포구 양화로19길 22-25 1층,4.36,크리미한 소금크림빵이 유명한 연트럴파크 맛집,네이버페이,홍대입구역,3번,148,"2호선,공항철도,경의중앙선",2,0.8578999417,0.2370917527,0.2053225416,0.01506962363,0.2730469964,0.437945266,0.3774038852,0.3398248415,0.1662309502,0.527625925,0.8353626882,0.6313778057,0.3516862738,0.484510081,0.162469184
조선시대,요리주점,서울 마포구 홍익로3길 44 지하1층,4.39,,"네이버예약,네이버톡톡",홍대입구역,9번,483,"2호선,공항철도,경의중앙선",6,0.3525929691,0.7611294274,0.3337777685,0.04467114345,0.4797773632,0.4488227422,0.4194355578,0.9732401427,0.9491070102,0.01745645767,0.7903732913,0.2436342054,0.8462756498,0.8581073072,0.3720502836
카페 지금여기,카페,서울 마포구 양화로16길 30-5 3층 지금 여기,4.6,,,홍대입구역,9번,494,"2호선,공항철도,경의중앙선",6,0.1697781529,0.9794263963,0.2325189166,0.2504467752,0.05373975335,0.2899346054,0.09470002018,0.6709011278,0.8562983804,0.6684590886,0.5044747251,0.8068543855,0.04351421645,0.4814836527,0.6375647868
슬로우타코,"멕시코,남미음식",서울 마포구 독막로5길 33 1층 슬로우타코,4.78,홍대펍 홍대타코 멕시코음식 즐기기 메뉴추천 소고기,"네이버예약,네이버톡톡",합정역,6번,510,"2호선,6호선",6,0.6155188366,0.5266926152,0.7039473974,0.9225971637,0.6537965573,0.6243727793,0.9745146379,0.6934849812,0.2341832624,0.3684156207,0.5681979718,0.7157711882,0.347064525,0.1203015694,0.8328703727
동꾼,일식당,서울 마포구 동교로22길 19 1층 좌측 동꾼,4.48,합정가면 맨날 가는 곳,네이버톡톡,홍대입구역,1번,507,"2호선,공항철도,경의중앙선",6,0.6705178623,0.1423594075,0.7757958013,0.4439247592,0.1869715543,0.2209865711,0.4547102478,0.6570111693,0.4793040454,0.6818127378,0.4568438495,0.4881351638,0.8689749273,0.7436582189,0.2918406684
샤브로21 연남,샤브샤브,서울 마포구 양화로19길 22-13 1층 101호(동교동),,,,홍대입구역,3번,148,"2호선,공항철도,경의중앙선",2,0.6960809791,0.7947732519,0.1209957895,0.826155909,0.08616979705,0.2281252861,0.09102381968,0.6331922145,0.0296857163,0.4856290306,0.5511528233,0.5449524277,0.5704678681,0.6945796228,0.9162291672
지로우 라멘,일식당,서울 마포구 와우산로29가길 79 1층,4.47,차슈가 유명한 홍대 라멘맛집,,홍대입구역,9번,393,"2호선,공항철도,경의중앙선",5,0.214940729,0.3598026503,0.3177110247,0.4777335492,0.8573565048,0.1216705506,0.1426843621,0.1515689895,0.4373199258,0.2384279789,0.1051807276,0.9590579961,0.2065929246,0.1766808095,0.4256351525
불이아 홍대본점,중식당,서울 마포구 동교로 182-6,4.56,,"네이버페이,네이버예약,네이버주문",홍대입구역,1번,88,"2호선,공항철도,경의중앙선",1,0.8043273429,0.5201999751,0.8362300599,0.3795144802,0.9997081399,0.5028234877,0.2944435819,0.1518135323,0.6680863177,0.03359932349,0.5167703573,0.66871988,0.1481209121,0.5024939295,0.9650230217
요괴냥수비대,"카페,디저트",서울 마포구 홍익로 13-12,4.67,,,홍대입구역,9번,414,"2호선,공항철도,경의중앙선",5,0.810074201,0.3245610209,0.994111608,0.6260171404,0.4864612192,0.2452916705,0.7266038085,0.8394060212,0.01782753533,0.5672727438,0.715258057,0.1113959646,0.4524983736,0.7528142867,0.1971307072
의정부부대찌개,"찌개,전골",서울 마포구 월드컵로10길 36,4.39,망원 서교동 맛집 강추하는 부대찌개,,망원역,1번,377,6호선,5,0.594175986,0.7765926328,0.1077160963,0.4399917847,0.1373321513,0.652094573,0.5577674504,0.9699904829,0.8665582287,0.2231407501,0.09705163974,0.157317555,0.6257537235,0.9702945851,0.897414384
혼가츠,돈가스,서울 마포구 와우산로21길 36-6 1층 102호,4.34,치즈돈까스가 유명한 백종원3대천왕 돈까스,,홍대입구역,9번,528,"2호선,공항철도,경의중앙선",7,0.1715459682,0.2221351965,0.2046891627,0.8208645822,0.1716042876,0.1788504084,0.1877800699,0.699148293,0.6099612214,0.5598079684,0.5415073556,0.1244128544,0.727268211,0.8698058862,0.2175825431
목로관,"육류,고기요리",서울 마포구 어울마당로 126,4.3,분위기 좋은 홍대고깃집,,홍대입구역,9번,143,"2호선,공항철도,경의중앙선",2,0.28061098,0.3231153971,0.4691512635,0.3653417485,0.114183069,0.5556052439,0.1097887644,0.3245231894,0.591883786,0.4132072159,0.5328326953,0.7737898213,0.3958769899,0.7710806135,0.5051056776
모크,"카페,디저트",서울 마포구 와우산로17길 19-17 1층,4.59,정말 맛있는 핫하고 이쁜 블랙 무채색 카페,,상수역,1번,300,6호선,4,0.29884722,0.781776002,0.7195842444,0.9290092549,0.9351193292,0.01210934755,0.1904208248,0.5860785932,0.1822944938,0.5460992933,0.02390957178,0.3437752842,0.6072179443,0.7130671668,0.8869172906
캘리포니아도넛클럽 비라티오 홍대점,베이커리,"서울 마포구 잔다리로 28 1층, 2층",4.52,,"네이버페이,네이버주문,배달,네이버톡톡,쿠폰",합정역,3번,477,"2호선,6호선",6,0.7611896106,0.3654667998,0.6877595202,0.9312630326,0.3734018083,0.6580143593,0.3114597976,0.4346740881,0.6555475867,0.4000738144,0.4942309328,0.03856762247,0.5104251045,0.6104513137,0.5557525125
시골순대,"순대,순댓국",서울 마포구 월드컵북로1길 50 시골순대,4.18,,배달,합정역,2번,472,"2호선,6호선",6,0.008585247927,0.9380757475,0.498740262,0.8507118455,0.217083154,0.6443261057,0.2328749416,0.4925888835,0.1726846367,0.8366155489,0.5572827649,0.5892749409,0.4093069007,0.5147955338,0.2290806969
카페 꼬모,"카페,디저트",서울 마포구 와우산로21길 31-12 1층,4.59,,,홍대입구역,9번,602,"2호선,공항철도,경의중앙선",8,0.9980758583,0.116744619,0.4188198713,0.0868576273,0.1952572046,0.4570473094,0.4249359502,0.4654393132,0.6636076699,0.9797037363,0.5589814405,0.7916543382,0.09180535022,0.08031738427,0.946217435
나성타코,"멕시코,남미음식",서울 마포구 잔다리로2길 24 2층,4.73,,,상수역,1번,583,6호선,7,0.739590557,0.6278036463,0.0086896995,0.2211415878,0.5127609748,0.2189202981,0.7738172137,0.6954776843,0.8305729494,0.7716750641,0.505314864,0.03443803642,0.1984564352,0.9273256606,0.1865764271
심야식당 하스,이자카야,서울 마포구 연희로1길 19,4.45,,,홍대입구역,3번,240,"2호선,공항철도,경의중앙선",3,0.6106826957,0.002551119875,0.2357239253,0.5866708239,0.09628709589,0.154890417,0.3158797516,0.1510385105,0.4791600985,0.6112777335,0.6542365406,0.05297627689,0.6933914447,0.1540730786,0.3180580413
홍대차칸곱창,"곱창,막창,양",서울 마포구 와우산로23길 35-8 1층 홍대차칸곱창,4.53,,"네이버페이,네이버주문",홍대입구역,9번,239,"2호선,공항철도,경의중앙선",3,0.09857788133,0.4556654114,0.7925738803,0.1702180312,0.8629553412,0.7756966664,0.9639150509,0.3544377334,0.0892963882,0.3383617581,0.3132563259,0.6637585799,0.5315893242,0.5924894982,0.2376171912
버건디,와인,서울 마포구 독막로7길 47 3층,4.8,,,합정역,3번,430,"2호선,6호선",5,0.2636063578,0.2675645421,0.7463979975,0.1391609379,0.4351763844,0.8149559593,0.9835605353,0.5596424615,0.3838566239,0.1058303898,0.6465108609,0.9689087626,0.2408514869,0.7635374374,0.6540220762
이자카야 연정,이자카야,서울 마포구 양화로23길 24 2층 일부,4.82,,,홍대입구역,3번,185,"2호선,공항철도,경의중앙선",2,0.8283063878,0.7368863357,0.1705242917,0.8358172285,0.2668836531,0.183439883,0.4221010662,0.9780580938,0.3837234047,0.1650258595,0.3971518211,0.8564323584,0.09489922929,0.09428211766,0.3667789927
슬슬,술집,서울 마포구 연희로1길 23,,,,홍대입구역,3번,269,"2호선,공항철도,경의중앙선",3,0.7335059461,0.03580540914,0.8419054345,0.4897246103,0.2763678828,0.9284029326,0.6851315014,0.002532742702,0.2476349427,0.7967312792,0.1262896021,0.1021848781,0.1499539595,0.1044515075,0.6792744587
훈민정음 서울합정점,요리주점,서울 마포구 독막로7길 21,4.53,합정 훈민정음 퀄리티 좋은 안주,네이버예약,상수역,1번,484,6호선,6,0.6332855133,0.6048039557,0.6692625585,0.4370506916,0.4220979971,0.04105202063,0.9631553017,0.7696002402,0.8233278834,0.6020323755,0.2790426811,0.05366050674,0.1236963597,0.4819967483,0.113702576
혼고집,한식,서울 마포구 동교로30길 1 1층 혼고집,,,,홍대입구역,3번,294,"2호선,공항철도,경의중앙선",4,0.5536756572,0.3401015497,0.5315723871,0.8166286016,0.04014358252,0.8652534225,0.5182018486,0.259851602,0.1593339699,0.2795066801,0.923887763,0.1532236206,0.2289042459,0.9615025969,0.4766087426
홍대 수제버거 풀리너마이트,햄버거,서울 마포구 홍익로 13-4,4.95,,"네이버페이,네이버예약,네이버주문,네이버톡톡,쿠폰",홍대입구역,9번,354,"2호선,공항철도,경의중앙선",4,0.5256003344,0.5019549921,0.5052287061,0.7116899475,0.3763694695,0.4943637751,0.6506957641,0.1548965922,0.592228947,0.5631686218,0.4750366199,0.6275295234,0.564720862,0.3016528746,0.8600429983
태우마,"육류,고기요리",서울 마포구 와우산로21길 36-8 1층,,,네이버예약,홍대입구역,9번,479,"2호선,공항철도,경의중앙선",6,0.4961608332,0.3820636011,0.1496875091,0.7933761247,0.2565066061,0.8152729772,0.9355823594,0.3813624639,0.6400746004,0.5264721213,0.7350865843,0.1013850008,0.9762128972,0.8525936908,0.7521377024
홍대IN파스타,"스파게티,파스타전문",서울 마포구 홍익로5안길 32 준빌라,4.43,홍대파스타 예쁘고 맛있는 테라스맛집,네이버예약,홍대입구역,9번,416,"2호선,공항철도,경의중앙선",5,0.6930798119,0.9505217731,0.7811680871,0.3705523777,0.2775825063,0.2428882866,0.5608343919,0.682281674,0.888447859,0.2071396388,0.4079609419,0.8239796193,0.7992638071,0.8845642773,0.1114761034
카페코그.,"카페,디저트",서울 마포구 동교로 183-12 1층,,,,홍대입구역,1번,214,"2호선,공항철도,경의중앙선",3,0.3163871367,0.004605239903,0.148471827,0.5723003392,0.7351478332,0.6438710118,0.4021245087,0.6728333653,0.08919922692,0.5542244814,0.4806363306,0.5109043685,0.6490929549,0.1702690922,0.1461667542
파파초밥,"초밥,롤",서울 마포구 와우산로21길 28-8,4.55,가성비 좋은 홍대의 숨겨진 초밥 맛집,,홍대입구역,9번,589,"2호선,공항철도,경의중앙선",7,0.9346223105,0.2226632757,0.06146726156,0.09073308654,0.9578450965,0.5437938898,0.1937459871,0.07594620314,0.6004863451,0.4580633036,0.0430620265,0.04439134646,0.7951062644,0.5259772789,0.1611975004
더 키친 아시아 인도,인도음식,서울 마포구 와우산로23길 35-6,4.82,,"네이버예약,배달",홍대입구역,9번,229,"2호선,공항철도,경의중앙선",3,0.6905416355,0.5751861591,0.9754814318,0.0107855392,0.6387267643,0.5561309378,0.4582795456,0.7735350535,0.9103110953,0.2447292332,0.3027870397,0.4725342757,0.8510599605,0.5788538363,0.9405167943
올바른스시 홍대직영점,"초밥,롤",서울 마포구 동교로 199-1 1층 올바른스시,4.59,,"네이버페이,네이버주문,배달",홍대입구역,2번,158,"2호선,공항철도,경의중앙선",2,0.2469710269,0.5565122886,0.4293225428,0.0810296601,0.3186601551,0.8500739068,0.2634158879,0.07907379992,0.919257812,0.8261466095,0.6715816967,0.2569192742,0.4026269537,0.1096714459,0.7591925414
쑥짜이,태국음식,서울 마포구 월드컵북로2길 82 1층,4.73,연남동쌀국수 연남동팟타이가 맛있는 홍대태국음식점,,홍대입구역,3번,115,"2호선,공항철도,경의중앙선",1,0.9856177518,0.7881565844,0.2539000364,0.5108529576,0.6033924473,0.6138318233,0.8488838702,0.2227967472,0.571798093,0.8671690963,0.8725961701,0.04061371318,0.5475230045,0.6200974459,0.3639839826
쿠리노키제빵,베이커리,서울 마포구 동교로12안길 23 1층 쿠리노키 제빵,4.47,,,망원역,1번,432,6호선,5,0.4306676527,0.2459210363,0.714873127,0.7319609496,0.5796957102,0.1402280106,0.2831987461,0.1042725952,0.3194758515,0.2262233518,0.8838511722,0.1900803862,0.2150072813,0.8652017289,0.7859335666
식스티즈,햄버거,서울 마포구 와우산로23길 9 1층,4.59,,,홍대입구역,9번,338,"2호선,공항철도,경의중앙선",4,0.8585022091,0.2255940725,0.3024358789,0.5204172645,0.06879989584,0.35023301,0.2073598401,0.686591667,0.9895450414,0.1196509629,0.4799994299,0.5968972368,0.1195892428,0.02718948522,0.415539577
아날로그 테이블 연남,"스파게티,파스타전문",서울 마포구 월드컵북로2길 93 2층 아날로그 테이블 연남,4.57,,"네이버페이,네이버예약,네이버주문",홍대입구역,3번,61,"2호선,공항철도,경의중앙선",1,0.5605015242,0.08095200648,0.2366788166,0.5877448541,0.3021296067,0.7548158871,0.8029809387,0.8319720943,0.6420170089,0.1871351901,0.07473987693,0.3105795275,0.7369749969,0.9051431283,0.1715202251
신선화로 홍대점,"육류,고기요리",서울 마포구 어울마당로 136-2,3.98,,,홍대입구역,8번,168,"2호선,공항철도,경의중앙선",2,0.9542421186,0.372731957,0.9370116132,0.7739590127,0.06784859075,0.9178417271,0.4817692331,0.2298651135,0.224843076,0.4871817885,0.06877429909,0.9256455295,0.8920692008,0.4643191255,0.01203716308
이너커피,"카페,디저트",서울 마포구 연희로 3 3층,,,,홍대입구역,3번,142,"2호선,공항철도,경의중앙선",2,0.7408333384,0.7443340202,0.4914398069,0.3299202212,0.5395494732,0.101191253,0.6522620204,0.1815622549,0.1458484105,0.3867354591,0.05695152056,0.7813746679,0.2667945635,0.3054712829,0.5961890616
리피 메세나폴리스점,브런치,서울 마포구 양화로 45 메세나폴리스 지하1층 B154~B155호,,,"네이버페이,네이버예약",합정역,9번,223,"2호선,6호선",3,0.5133238295,0.4994916104,0.0565151064,0.7834209072,0.6701136756,0.1558794951,0.8548490935,0.1660279375,0.7914278992,0.6030292944,0.4029590305,0.8459600097,0.1828944298,0.9419895189,0.2034936656
달리181 홍대점,양식,서울 마포구 와우산로21길 36-6 1층,,,네이버예약,홍대입구역,9번,553,"2호선,공항철도,경의중앙선",7,0.8451521919,0.342456359,0.8338395674,0.5765441909,0.548906355,0.3248959771,0.1150547381,0.3971794434,0.3562903088,0.1764096988,0.4719669064,0.4441168714,0.8111792274,0.04139496888,0.7432752665
생어거스틴 합정메세나폴리스점,아시아음식,서울 마포구 양화로 45 메세나폴리스 B1층,4.43,합정 메세나폴리스 생어거스틴 아이동반하기 좋은 맛집,네이버예약,합정역,9번,323,"2호선,6호선",4,0.1801738374,0.8048779853,0.1250653368,0.5567081052,0.1867172449,0.5253402327,0.1783064427,0.1591004879,0.4138753584,0.3908126483,0.1805203495,0.5220218233,0.3071039295,0.7307047013,0.8924493618
오이지 연남,한식,서울 마포구 연희로1길 15 지층 오이지 연남,,,,홍대입구역,3번,226,"2호선,공항철도,경의중앙선",3,0.4816945763,0.9369015045,0.3381602725,0.714764524,0.7081197896,0.5810331752,0.5729639321,0.9153865504,0.7502393158,0.2193835621,0.5877134584,0.8850429351,0.8945356248,0.5549957971,0.8919337828
손오공마라탕 동교동점,중식당,서울 마포구 양화로18길 15 2층,4.47,,,홍대입구역,8번,89,"2호선,공항철도,경의중앙선",1,0.9850435215,0.2153423178,0.7971782706,0.4792604073,0.820578052,0.2071464117,0.8233806278,0.2919135483,0.005140320326,0.6686786147,0.4927240537,0.3927757578,0.6966017921,0.2591794068,0.7306261756
손오공마라탕 서교점,중식당,서울 마포구 잔다리로6길 23 2층,4.52,,,합정역,3번,514,"2호선,6호선",6,0.4956063882,0.8660893553,0.9573203766,0.2888763722,0.83581054,0.931017056,0.9710927869,0.7438719085,0.9262057765,0.5557979348,0.8627407866,0.2909692315,0.3676547971,0.04449490062,0.4781628507
곰솥,"곰탕,설렁탕",서울 마포구 와우산로15길 33 1층,4.5,,,상수역,1번,210,6호선,3,0.4319685267,0.5490341764,0.3916484934,0.2799013201,0.2050911332,0.5478451759,0.5842603459,0.7191878542,0.8918459415,0.8070944256,0.2405107941,0.4408177713,0.7625453783,0.8677617917,0.7603482098
파도,"카페,디저트",서울 마포구 양화로6길 57-14 1층 파도,4.69,서교동카페 엄마랑 가기 좋은 카페,,합정역,6번,416,"2호선,6호선",5,0.128786821,0.631518749,0.4777848966,0.4546693942,0.1456123367,0.902109418,0.1096056369,0.01015215884,0.9984370258,0.02476854399,0.8983689396,0.7511826208,0.2949500142,0.3655538217,0.4159918068
어리라운지,바(BAR),"서울 마포구 어울마당로 112-3 2층,3층",4.78,,,홍대입구역,9번,170,"2호선,공항철도,경의중앙선",2,0.02773454476,0.5506707846,0.0847758457,0.8798121333,0.8149575344,0.05054997477,0.675745497,0.5989785786,0.9481524039,0.9686357688,0.2170993633,0.9950556946,0.8041215545,0.8513169537,0.6123482571
개화기요정,요리주점,서울 마포구 독막로7길 22 개화기요정,,센과치히로에 나올듯한 신비로운 합정 술집,네이버예약,상수역,1번,498,6호선,6,0.9301602596,0.9476656761,0.9980964696,0.9310264521,0.9490338159,0.09491976785,0.5670498876,0.3216734031,0.8239559389,0.6727319408,0.3556481481,0.03381467759,0.9350609113,0.3135448394,0.6562912252
제주은희네해장국 홍대점,해장국,서울 마포구 월드컵북로 43 1층,4.41,,,홍대입구역,1번,606,"2호선,공항철도,경의중앙선",8,0.919990645,0.7901737515,0.7717720683,0.1354127114,0.4818654723,0.9075583746,0.5870838659,0.1197696382,0.6669119157,0.5203018423,0.6320374386,0.7505016707,0.9573685879,0.5045235272,0.1861663362
신이도가,"카페,디저트",서울 마포구 잔다리로 20-12,4.66,,,합정역,3번,576,"2호선,6호선",7,0.5137492165,0.2002769839,0.07538988412,0.681541987,0.7564746397,0.8265123501,0.2982215911,0.5013626824,0.06610710143,0.4147593397,0.298845315,0.4869175467,0.4116632602,0.8061419079,0.8218585344
평안도 상원냉면,냉면,서울 마포구 양화로 156,4.49,초보자 입문용으로 좋은 평양냉면 맛집,,홍대입구역,9번,39,"2호선,공항철도,경의중앙선",0,0.6442144538,0.1540205724,0.8229108232,0.3026610476,0.7099019842,0.644520853,0.3138192442,0.3214420699,0.2427342701,0.8231047251,0.04712973654,0.3368280836,0.2604835755,0.7406491107,0.3229832947
토모토카레 홍대점,카레,서울 마포구 와우산로29길 27 1층,4.34,홍대 카레 맛집 토모토카레 깔끔한 일본 가정식,배달,홍대입구역,7번,303,"2호선,공항철도,경의중앙선",4,0.8747643377,0.4591540721,0.8321294363,0.1457091919,0.1284420889,0.02600050469,0.1008987353,0.9664056876,0.4683702958,0.1007611016,0.6604975146,0.3632522182,0.2873397165,0.3549571191,0.1506696399
육회로,한식,서울 마포구 독막로9길 8,4.81,마포구 성산동 배달맛집 홍대 육회 맛있는 곳,,상수역,1번,396,6호선,5,0.2046541585,0.7713156074,0.05249578432,0.8204440652,0.4939545755,0.3615822934,0.3405193302,0.8325541903,0.2360518591,0.7748422268,0.5083516412,0.798710314,0.595729736,0.7347710105,0.9601826741
모파상,"카페,디저트",서울 마포구 양화로19길 22-13 1층 카페모파상,4.36,,,홍대입구역,3번,148,"2호선,공항철도,경의중앙선",2,0.723305338,0.4862486513,0.1915181341,0.3174233977,0.9640859499,0.5307100448,0.1467308439,0.546762238,0.4610906431,0.2843073809,0.9769202978,0.5251975346,0.2442006894,0.1534729348,0.2140397772
다독이네 숯불구이 홍대합정점,"육류,고기요리",서울 마포구 독막로3길 28 1층 다독이네 숯불구이 홍대합정점,,,"네이버예약,네이버톡톡",합정역,3번,275,"2호선,6호선",3,0.8072878317,0.6649064248,0.3163964388,0.4110812957,0.3100800652,0.7100735207,0.319293451,0.7281164755,0.1789189156,0.04307840254,0.1573876772,0.3172455182,0.8387548332,0.2146091212,0.1370805325
코드 396-4,와인,"서울 마포구 어울마당로5길 47 2층, 3층",4.94,,네이버톡톡,합정역,3번,344,"2호선,6호선",4,0.9126261346,0.9588112595,0.7147639848,0.8977376633,0.5508157442,0.5924814414,0.2596609679,0.3907505321,0.9578332912,0.363970481,0.7926183421,0.5867634974,0.9845393641,0.01952056238,0.4655967416
머씨커피,"카페,디저트",서울 마포구 양화로8길 32-10,,,,합정역,4번,154,"2호선,6호선",2,0.8250050251,0.237593163,0.2782491067,0.7813821165,0.6091289611,0.6077299972,0.14006523,0.1437037114,0.7488616384,0.7875580586,0.6873247458,0.5327626344,0.6181124221,0.8352663944,0.3351118274
교동집,주꾸미요리,서울 마포구 동교로 208 교동하우스 교동집,,홍대 연남동 오동통 매운 쭈꾸미 맛집,,홍대입구역,2번,204,"2호선,공항철도,경의중앙선",3,0.7088277021,0.6843907294,0.8999749169,0.3916780083,0.7590557482,0.02689889707,0.1912835777,0.9781267106,0.9768675325,0.5346006483,0.7056438558,0.2311380758,0.2902336009,0.420472074,0.08626099228
작업실01,"카페,디저트",서울 마포구 홍익로2길 27-17 1층,4.98,,네이버톡톡,홍대입구역,9번,231,"2호선,공항철도,경의중앙선",3,0.8865144959,0.2588567678,0.1340737115,0.4611954994,0.8212028679,0.5728132715,0.5547727521,0.5838289425,0.6315007896,0.07382694016,0.6429131064,0.8831286617,0.8534208244,0.2049901138,0.3944487764
정무관,일식당,서울 마포구 독막로3길 20,4.54,합정맛집 초밥 진짜 맛있는곳,,합정역,3번,236,"2호선,6호선",3,0.2589992688,0.6667454044,0.1273315974,0.5913018107,0.07532466089,0.7077542115,0.5804589924,0.3097816197,0.3095165712,0.7708474873,0.6550260309,0.795334641,0.6210624008,0.4377207656,0.4887912498
키친485,이탈리아음식,서울 마포구 양화로6길 67 1층,,서울3대화덕피자와 생면파스타가 맛있는 곳,"네이버예약,네이버톡톡",합정역,6번,399,"2호선,6호선",5,0.04892078471,0.2509486053,0.8867720785,0.6991005662,0.714295304,0.827794364,0.5632792773,0.6336412043,0.4989001238,0.9401028881,0.05844230875,0.4843473817,0.7204120988,0.8324555471,0.3918062514
타오마라탕,아시아음식,서울 마포구 양화로6길 19 광명빌딩 2층,4.71,,,합정역,5번,123,"2호선,6호선",2,0.006052485569,0.9393947594,0.007930711213,0.8080092173,0.503119419,0.4125698464,0.8413773463,0.4239142173,0.5665947953,0.1927300327,0.9205234584,0.53228286,0.3429098264,0.05661429221,0.3549647895
오모테나시 오마카세,일식당,서울 마포구 월드컵북로2길 82,,오마카세와 사케를 즐길 수 있는 홍대 식당,,홍대입구역,3번,115,"2호선,공항철도,경의중앙선",1,0.6256264231,0.8551499695,0.1206360568,0.3360652832,0.1693578551,0.1944317538,0.8361809851,0.9499589558,0.3097878866,0.8429501984,0.1555459412,0.6160924209,0.9837438644,0.6250398058,0.7084473025
윤씨밀방,"스테이크,립",서울 마포구 와우산로15길 15,4.44,함박스테이크가 맛있는 상수역 식당,,상수역,1번,271,6호선,3,0.0147291848,0.5199295947,0.7269920937,0.358463317,0.7059803237,0.7033387073,0.8502915332,0.3108934492,0.4858397024,0.9114606586,0.301827847,0.9921876921,0.5134251912,0.814600849,0.02431194434
언플러그드,라이브카페,서울 마포구 와우산로33길 26 1층,4.74,언돌이와 꼬미와 통기타가 있는 경의선 카페,,홍대입구역,7번,279,"2호선,공항철도,경의중앙선",3,0.5104611209,0.7381540767,0.9746082052,0.2649312132,0.5878000234,0.5602743156,0.8093964918,0.4752976346,0.3792123269,0.6976863174,0.4971578797,0.7762035585,0.1706324933,0.743232716,0.2086433588
유익상스시,"초밥,롤",서울 마포구 와우산로23길 18-7 101호 유익상스시,4.91,초밥킬러가 선택한 가성비 좋은 홍대찐맛집,배달,홍대입구역,9번,335,"2호선,공항철도,경의중앙선",4,0.7115816988,0.2597571147,0.03180448335,0.7455357663,0.5551898154,0.1237338124,0.8996379912,0.5756806537,0.7492008353,0.3044849786,0.9097895162,0.1593676188,0.4246711641,0.02289287019,0.2138350966
차차티클럽 연남,"카페,디저트","서울 마포구 동교로30길 6 4층, 5층",,,"네이버페이,네이버예약",홍대입구역,3번,310,"2호선,공항철도,경의중앙선",4,0.4580994538,0.05160647755,0.06274011325,0.3519726759,0.3659561317,0.9560992966,0.08605273896,0.1198986915,0.9362066486,0.9984494337,0.8985242441,0.3056083297,0.8349955713,0.09797848347,0.2107043016
마녀찜닭 과 닭갈비,닭갈비,서울 마포구 와우산로19길 26 2층,4.68,홍대 맛집 마녀 찜닭 비주얼부터 맛있는 고구마 찜닭,네이버톡톡,상수역,1번,492,6호선,6,0.602322013,0.830254882,0.9697902551,0.2367922572,0.6135026658,0.5069689851,0.06568195812,0.2934754574,0.8142692174,0.5563841602,0.9801904239,0.7413912676,0.8223102712,0.3675174875,0.4047595871
다운타우너 연남,햄버거,서울 마포구 월드컵북로6길 12-13 1층(동교동),,,"네이버페이,네이버주문",홍대입구역,1번,446,"2호선,공항철도,경의중앙선",6,0.2704102892,0.139744218,0.680338868,0.52016259,0.1123439336,0.236939581,0.09949904453,0.1029542008,0.5841642406,0.1803659061,0.6458896926,0.6072449351,0.01587635568,0.6327415807,0.3169283809